,Vocabulary size,Train accuracy,Validation accuracy,Validation FPR
0,500,92.7625,92.375,"(1888, 1807, 193, 112, 0.9072561268620856, 1888, 1807, 193, 112, 0.9072561268620856, 1888, 1807, 193, 112, 0.9072561268620856, 1888, 1807, 193, 112, 0.9072561268620856, 1888, 1807, 193, 112, 0.9072561268620856, 1888, 1807, 193, 112, 0.9072561268620856, 1888, 1807, 193, 112, 0.9072561268620856, 1888, 1807, 193, 112, 0.9072561268620856, 1888, 1807, 193, 112, 0.9072561268620856, 1888, 1807, 193, 112, 0.9072561268620856, 1888, 1807, 193, 112, 0.9072561268620856, 1888, 1807, 193, 112, 0.9072561268620856, 1888, 1807, 193, 112, 0.9072561268620856, 1888, 1807, 193, 112, 0.9072561268620856, 1888, 1807, 193, 112, 0.9072561268620856, 1888, 1807, 193, 112, 0.9072561268620856, 1888, 1807, 193, 112, 0.9072561268620856, 1888, 1807, 193, 112, 0.9072561268620856, 1888, 1807, 193, 112, 0.9072561268620856, 1888, 1807, 193, 112, 0.9072561268620856, 1888, 1807, 193, 112, 0.9072561268620856, 1888, 1807, 193, 112, 0.9072561268620856, 1888, 1807, 193, 112, 0.9072561268620856, 1888, 1807, 193, 112, 0.9072561268620856, 1888, 1807, 193, 112, 0.9072561268620856, 1888, 1807, 193, 112, 0.9072561268620856, 1888, 1807, 193, 112, 0.9072561268620856, 1888, 1807, 193, 112, 0.9072561268620856, 1888, 1807, 193, 112, 0.9072561268620856, 1888, 1807, 193, 112, 0.9072561268620856, 1888, 1807, 193, 112, 0.9072561268620856, 1888, 1807, 193, 112, 0.9072561268620856, 1888, 1807, 193, 112, 0.9072561268620856, 1888, 1807, 193, 112, 0.9072561268620856, 1888, 1807, 193, 112, 0.9072561268620856, 1888, 1807, 193, 112, 0.9072561268620856, 1888, 1807, 193, 112, 0.9072561268620856, 1888, 1807, 193, 112, 0.9072561268620856, 1888, 1807, 193, 112, 0.9072561268620856, 1888, 1807, 193, 112, 0.9072561268620856, 1888, 1807, 193, 112, 0.9072561268620856, 1888, 1807, 193, 112, 0.9072561268620856, 1888, 1807, 193, 112, 0.9072561268620856, 1888, 1807, 193, 112, 0.9072561268620856, 1888, 1807, 193, 112, 0.9072561268620856, 1888, 1807, 193, 112, 0.9072561268620856, 1888, 1807, 193, 112, 0.9072561268620856, 1888, 1807, 193, 112, 0.9072561268620856, 1888, 1807, 193, 112, 0.9072561268620856, 1888, 1807, 193, 112, 0.9072561268620856, 1888, 1807, 193, 112, 0.9072561268620856, 1888, 1807, 193, 112, 0.9072561268620856, 1888, 1807, 193, 112, 0.9072561268620856, 1888, 1807, 193, 112, 0.9072561268620856, 1888, 1807, 193, 112, 0.9072561268620856, 1888, 1807, 193, 112, 0.9072561268620856, 1888, 1807, 193, 112, 0.9072561268620856, 1888, 1807, 193, 112, 0.9072561268620856, 1888, 1807, 193, 112, 0.9072561268620856, 1888, 1807, 193, 112, 0.9072561268620856, 1888, 1807, 193, 112, 0.9072561268620856, 1888, 1807, 193, 112, 0.9072561268620856, 1888, 1807, 193, 112, 0.9072561268620856, 1888, 1807, 193, 112, 0.9072561268620856, 1888, 1807, 193, 112, 0.9072561268620856, 1888, 1807, 193, 112, 0.9072561268620856, 1888, 1807, 193, 112, 0.9072561268620856, 1888, 1807, 193, 112, 0.9072561268620856, 1888, 1807, 193, 112, 0.9072561268620856, 1888, 1807, 193, 112, 0.9072561268620856, 1888, 1807, 193, 112, 0.9072561268620856, 1888, 1807, 193, 112, 0.9072561268620856, 1888, 1807, 193, 112, 0.9072561268620856, 1888, 1807, 193, 112, 0.9072561268620856, 1888, 1807, 193, 112, 0.9072561268620856, 1888, 1807, 193, 112, 0.9072561268620856, 1888, 1807, 193, 112, 0.9072561268620856, 1888, 1807, 193, 112, 0.9072561268620856, 1888, 1807, 193, 112, 0.9072561268620856, 1888, 1807, 193, 112, 0.9072561268620856, 1888, 1807, 193, 112, 0.9072561268620856, 1888, 1807, 193, 112, 0.9072561268620856, 1888, 1807, 193, 112, 0.9072561268620856, 1888, 1807, 193, 112, 0.9072561268620856, 1888, 1807, 193, 112, 0.9072561268620856, 1888, 1807, 193, 112, 0.9072561268620856, 1888, 1807, 193, 112, 0.9072561268620856, 1888, 1807, 193, 112, 0.9072561268620856, 1888, 1807, 193, 112, 0.9072561268620856, 1888, 1807, 193, 112, 0.9072561268620856, 1888, 1807, 193, 112, 0.9072561268620856, 1888, 1807, 193, 112, 0.9072561268620856, 1888, 1807, 193, 112, 0.9072561268620856, 1888, 1807, 193, 112, 0.9072561268620856, 1888, 1807, 193, 112, 0.9072561268620856, 1888, 1807, 193, 112, 0.9072561268620856, 1888, 1807, 193, 112, 0.9072561268620856, 1888, 1807, 193, 112, 0.9072561268620856, 1888, 1807, 193, 112, 0.9072561268620856, 1888, 1807, 193, 112, 0.9072561268620856)"
1,1000,94.46666666666667,93.975,"(1921, 1838, 162, 79, 0.9222275564090254, 1921, 1838, 162, 79, 0.9222275564090254, 1921, 1838, 162, 79, 0.9222275564090254, 1921, 1838, 162, 79, 0.9222275564090254, 1921, 1838, 162, 79, 0.9222275564090254, 1921, 1838, 162, 79, 0.9222275564090254, 1921, 1838, 162, 79, 0.9222275564090254, 1921, 1838, 162, 79, 0.9222275564090254, 1921, 1838, 162, 79, 0.9222275564090254, 1921, 1838, 162, 79, 0.9222275564090254, 1921, 1838, 162, 79, 0.9222275564090254, 1921, 1838, 162, 79, 0.9222275564090254, 1921, 1838, 162, 79, 0.9222275564090254, 1921, 1838, 162, 79, 0.9222275564090254, 1921, 1838, 162, 79, 0.9222275564090254, 1921, 1838, 162, 79, 0.9222275564090254, 1921, 1838, 162, 79, 0.9222275564090254, 1921, 1838, 162, 79, 0.9222275564090254, 1921, 1838, 162, 79, 0.9222275564090254, 1921, 1838, 162, 79, 0.9222275564090254, 1921, 1838, 162, 79, 0.9222275564090254, 1921, 1838, 162, 79, 0.9222275564090254, 1921, 1838, 162, 79, 0.9222275564090254, 1921, 1838, 162, 79, 0.9222275564090254, 1921, 1838, 162, 79, 0.9222275564090254, 1921, 1838, 162, 79, 0.9222275564090254, 1921, 1838, 162, 79, 0.9222275564090254, 1921, 1838, 162, 79, 0.9222275564090254, 1921, 1838, 162, 79, 0.9222275564090254, 1921, 1838, 162, 79, 0.9222275564090254, 1921, 1838, 162, 79, 0.9222275564090254, 1921, 1838, 162, 79, 0.9222275564090254, 1921, 1838, 162, 79, 0.9222275564090254, 1921, 1838, 162, 79, 0.9222275564090254, 1921, 1838, 162, 79, 0.9222275564090254, 1921, 1838, 162, 79, 0.9222275564090254, 1921, 1838, 162, 79, 0.9222275564090254, 1921, 1838, 162, 79, 0.9222275564090254, 1921, 1838, 162, 79, 0.9222275564090254, 1921, 1838, 162, 79, 0.9222275564090254, 1921, 1838, 162, 79, 0.9222275564090254, 1921, 1838, 162, 79, 0.9222275564090254, 1921, 1838, 162, 79, 0.9222275564090254, 1921, 1838, 162, 79, 0.9222275564090254, 1921, 1838, 162, 79, 0.9222275564090254, 1921, 1838, 162, 79, 0.9222275564090254, 1921, 1838, 162, 79, 0.9222275564090254, 1921, 1838, 162, 79, 0.9222275564090254, 1921, 1838, 162, 79, 0.9222275564090254, 1921, 1838, 162, 79, 0.9222275564090254, 1921, 1838, 162, 79, 0.9222275564090254, 1921, 1838, 162, 79, 0.9222275564090254, 1921, 1838, 162, 79, 0.9222275564090254, 1921, 1838, 162, 79, 0.9222275564090254, 1921, 1838, 162, 79, 0.9222275564090254, 1921, 1838, 162, 79, 0.9222275564090254, 1921, 1838, 162, 79, 0.9222275564090254, 1921, 1838, 162, 79, 0.9222275564090254, 1921, 1838, 162, 79, 0.9222275564090254, 1921, 1838, 162, 79, 0.9222275564090254, 1921, 1838, 162, 79, 0.9222275564090254, 1921, 1838, 162, 79, 0.9222275564090254, 1921, 1838, 162, 79, 0.9222275564090254, 1921, 1838, 162, 79, 0.9222275564090254, 1921, 1838, 162, 79, 0.9222275564090254, 1921, 1838, 162, 79, 0.9222275564090254, 1921, 1838, 162, 79, 0.9222275564090254, 1921, 1838, 162, 79, 0.9222275564090254, 1921, 1838, 162, 79, 0.9222275564090254, 1921, 1838, 162, 79, 0.9222275564090254, 1921, 1838, 162, 79, 0.9222275564090254, 1921, 1838, 162, 79, 0.9222275564090254, 1921, 1838, 162, 79, 0.9222275564090254, 1921, 1838, 162, 79, 0.9222275564090254, 1921, 1838, 162, 79, 0.9222275564090254, 1921, 1838, 162, 79, 0.9222275564090254, 1921, 1838, 162, 79, 0.9222275564090254, 1921, 1838, 162, 79, 0.9222275564090254, 1921, 1838, 162, 79, 0.9222275564090254, 1921, 1838, 162, 79, 0.9222275564090254, 1921, 1838, 162, 79, 0.9222275564090254, 1921, 1838, 162, 79, 0.9222275564090254, 1921, 1838, 162, 79, 0.9222275564090254, 1921, 1838, 162, 79, 0.9222275564090254, 1921, 1838, 162, 79, 0.9222275564090254, 1921, 1838, 162, 79, 0.9222275564090254, 1921, 1838, 162, 79, 0.9222275564090254, 1921, 1838, 162, 79, 0.9222275564090254, 1921, 1838, 162, 79, 0.9222275564090254, 1921, 1838, 162, 79, 0.9222275564090254, 1921, 1838, 162, 79, 0.9222275564090254, 1921, 1838, 162, 79, 0.9222275564090254, 1921, 1838, 162, 79, 0.9222275564090254, 1921, 1838, 162, 79, 0.9222275564090254, 1921, 1838, 162, 79, 0.9222275564090254, 1921, 1838, 162, 79, 0.9222275564090254, 1921, 1838, 162, 79, 0.9222275564090254, 1921, 1838, 162, 79, 0.9222275564090254, 1921, 1838, 162, 79, 0.9222275564090254, 1921, 1838, 162, 79, 0.9222275564090254)"
2,1500,95.5,94.975,"(1936, 1863, 137, 64, 0.9339122045344911, 1936, 1863, 137, 64, 0.9339122045344911, 1936, 1863, 137, 64, 0.9339122045344911, 1936, 1863, 137, 64, 0.9339122045344911, 1936, 1863, 137, 64, 0.9339122045344911, 1936, 1863, 137, 64, 0.9339122045344911, 1936, 1863, 137, 64, 0.9339122045344911, 1936, 1863, 137, 64, 0.9339122045344911, 1936, 1863, 137, 64, 0.9339122045344911, 1936, 1863, 137, 64, 0.9339122045344911, 1936, 1863, 137, 64, 0.9339122045344911, 1936, 1863, 137, 64, 0.9339122045344911, 1936, 1863, 137, 64, 0.9339122045344911, 1936, 1863, 137, 64, 0.9339122045344911, 1936, 1863, 137, 64, 0.9339122045344911, 1936, 1863, 137, 64, 0.9339122045344911, 1936, 1863, 137, 64, 0.9339122045344911, 1936, 1863, 137, 64, 0.9339122045344911, 1936, 1863, 137, 64, 0.9339122045344911, 1936, 1863, 137, 64, 0.9339122045344911, 1936, 1863, 137, 64, 0.9339122045344911, 1936, 1863, 137, 64, 0.9339122045344911, 1936, 1863, 137, 64, 0.9339122045344911, 1936, 1863, 137, 64, 0.9339122045344911, 1936, 1863, 137, 64, 0.9339122045344911, 1936, 1863, 137, 64, 0.9339122045344911, 1936, 1863, 137, 64, 0.9339122045344911, 1936, 1863, 137, 64, 0.9339122045344911, 1936, 1863, 137, 64, 0.9339122045344911, 1936, 1863, 137, 64, 0.9339122045344911, 1936, 1863, 137, 64, 0.9339122045344911, 1936, 1863, 137, 64, 0.9339122045344911, 1936, 1863, 137, 64, 0.9339122045344911, 1936, 1863, 137, 64, 0.9339122045344911, 1936, 1863, 137, 64, 0.9339122045344911, 1936, 1863, 137, 64, 0.9339122045344911, 1936, 1863, 137, 64, 0.9339122045344911, 1936, 1863, 137, 64, 0.9339122045344911, 1936, 1863, 137, 64, 0.9339122045344911, 1936, 1863, 137, 64, 0.9339122045344911, 1936, 1863, 137, 64, 0.9339122045344911, 1936, 1863, 137, 64, 0.9339122045344911, 1936, 1863, 137, 64, 0.9339122045344911, 1936, 1863, 137, 64, 0.9339122045344911, 1936, 1863, 137, 64, 0.9339122045344911, 1936, 1863, 137, 64, 0.9339122045344911, 1936, 1863, 137, 64, 0.9339122045344911, 1936, 1863, 137, 64, 0.9339122045344911, 1936, 1863, 137, 64, 0.9339122045344911, 1936, 1863, 137, 64, 0.9339122045344911, 1936, 1863, 137, 64, 0.9339122045344911, 1936, 1863, 137, 64, 0.9339122045344911, 1936, 1863, 137, 64, 0.9339122045344911, 1936, 1863, 137, 64, 0.9339122045344911, 1936, 1863, 137, 64, 0.9339122045344911, 1936, 1863, 137, 64, 0.9339122045344911, 1936, 1863, 137, 64, 0.9339122045344911, 1936, 1863, 137, 64, 0.9339122045344911, 1936, 1863, 137, 64, 0.9339122045344911, 1936, 1863, 137, 64, 0.9339122045344911, 1936, 1863, 137, 64, 0.9339122045344911, 1936, 1863, 137, 64, 0.9339122045344911, 1936, 1863, 137, 64, 0.9339122045344911, 1936, 1863, 137, 64, 0.9339122045344911, 1936, 1863, 137, 64, 0.9339122045344911, 1936, 1863, 137, 64, 0.9339122045344911, 1936, 1863, 137, 64, 0.9339122045344911, 1936, 1863, 137, 64, 0.9339122045344911, 1936, 1863, 137, 64, 0.9339122045344911, 1936, 1863, 137, 64, 0.9339122045344911, 1936, 1863, 137, 64, 0.9339122045344911, 1936, 1863, 137, 64, 0.9339122045344911, 1936, 1863, 137, 64, 0.9339122045344911, 1936, 1863, 137, 64, 0.9339122045344911, 1936, 1863, 137, 64, 0.9339122045344911, 1936, 1863, 137, 64, 0.9339122045344911, 1936, 1863, 137, 64, 0.9339122045344911, 1936, 1863, 137, 64, 0.9339122045344911, 1936, 1863, 137, 64, 0.9339122045344911, 1936, 1863, 137, 64, 0.9339122045344911, 1936, 1863, 137, 64, 0.9339122045344911, 1936, 1863, 137, 64, 0.9339122045344911, 1936, 1863, 137, 64, 0.9339122045344911, 1936, 1863, 137, 64, 0.9339122045344911, 1936, 1863, 137, 64, 0.9339122045344911, 1936, 1863, 137, 64, 0.9339122045344911, 1936, 1863, 137, 64, 0.9339122045344911, 1936, 1863, 137, 64, 0.9339122045344911, 1936, 1863, 137, 64, 0.9339122045344911, 1936, 1863, 137, 64, 0.9339122045344911, 1936, 1863, 137, 64, 0.9339122045344911, 1936, 1863, 137, 64, 0.9339122045344911, 1936, 1863, 137, 64, 0.9339122045344911, 1936, 1863, 137, 64, 0.9339122045344911, 1936, 1863, 137, 64, 0.9339122045344911, 1936, 1863, 137, 64, 0.9339122045344911, 1936, 1863, 137, 64, 0.9339122045344911, 1936, 1863, 137, 64, 0.9339122045344911, 1936, 1863, 137, 64, 0.9339122045344911, 1936, 1863, 137, 64, 0.9339122045344911)"
3,2000,95.9375,95.175,"(1936, 1871, 129, 64, 0.9375302663438256, 1936, 1871, 129, 64, 0.9375302663438256, 1936, 1871, 129, 64, 0.9375302663438256, 1936, 1871, 129, 64, 0.9375302663438256, 1936, 1871, 129, 64, 0.9375302663438256, 1936, 1871, 129, 64, 0.9375302663438256, 1936, 1871, 129, 64, 0.9375302663438256, 1936, 1871, 129, 64, 0.9375302663438256, 1936, 1871, 129, 64, 0.9375302663438256, 1936, 1871, 129, 64, 0.9375302663438256, 1936, 1871, 129, 64, 0.9375302663438256, 1936, 1871, 129, 64, 0.9375302663438256, 1936, 1871, 129, 64, 0.9375302663438256, 1936, 1871, 129, 64, 0.9375302663438256, 1936, 1871, 129, 64, 0.9375302663438256, 1936, 1871, 129, 64, 0.9375302663438256, 1936, 1871, 129, 64, 0.9375302663438256, 1936, 1871, 129, 64, 0.9375302663438256, 1936, 1871, 129, 64, 0.9375302663438256, 1936, 1871, 129, 64, 0.9375302663438256, 1936, 1871, 129, 64, 0.9375302663438256, 1936, 1871, 129, 64, 0.9375302663438256, 1936, 1871, 129, 64, 0.9375302663438256, 1936, 1871, 129, 64, 0.9375302663438256, 1936, 1871, 129, 64, 0.9375302663438256, 1936, 1871, 129, 64, 0.9375302663438256, 1936, 1871, 129, 64, 0.9375302663438256, 1936, 1871, 129, 64, 0.9375302663438256, 1936, 1871, 129, 64, 0.9375302663438256, 1936, 1871, 129, 64, 0.9375302663438256, 1936, 1871, 129, 64, 0.9375302663438256, 1936, 1871, 129, 64, 0.9375302663438256, 1936, 1871, 129, 64, 0.9375302663438256, 1936, 1871, 129, 64, 0.9375302663438256, 1936, 1871, 129, 64, 0.9375302663438256, 1936, 1871, 129, 64, 0.9375302663438256, 1936, 1871, 129, 64, 0.9375302663438256, 1936, 1871, 129, 64, 0.9375302663438256, 1936, 1871, 129, 64, 0.9375302663438256, 1936, 1871, 129, 64, 0.9375302663438256, 1936, 1871, 129, 64, 0.9375302663438256, 1936, 1871, 129, 64, 0.9375302663438256, 1936, 1871, 129, 64, 0.9375302663438256, 1936, 1871, 129, 64, 0.9375302663438256, 1936, 1871, 129, 64, 0.9375302663438256, 1936, 1871, 129, 64, 0.9375302663438256, 1936, 1871, 129, 64, 0.9375302663438256, 1936, 1871, 129, 64, 0.9375302663438256, 1936, 1871, 129, 64, 0.9375302663438256, 1936, 1871, 129, 64, 0.9375302663438256, 1936, 1871, 129, 64, 0.9375302663438256, 1936, 1871, 129, 64, 0.9375302663438256, 1936, 1871, 129, 64, 0.9375302663438256, 1936, 1871, 129, 64, 0.9375302663438256, 1936, 1871, 129, 64, 0.9375302663438256, 1936, 1871, 129, 64, 0.9375302663438256, 1936, 1871, 129, 64, 0.9375302663438256, 1936, 1871, 129, 64, 0.9375302663438256, 1936, 1871, 129, 64, 0.9375302663438256, 1936, 1871, 129, 64, 0.9375302663438256, 1936, 1871, 129, 64, 0.9375302663438256, 1936, 1871, 129, 64, 0.9375302663438256, 1936, 1871, 129, 64, 0.9375302663438256, 1936, 1871, 129, 64, 0.9375302663438256, 1936, 1871, 129, 64, 0.9375302663438256, 1936, 1871, 129, 64, 0.9375302663438256, 1936, 1871, 129, 64, 0.9375302663438256, 1936, 1871, 129, 64, 0.9375302663438256, 1936, 1871, 129, 64, 0.9375302663438256, 1936, 1871, 129, 64, 0.9375302663438256, 1936, 1871, 129, 64, 0.9375302663438256, 1936, 1871, 129, 64, 0.9375302663438256, 1936, 1871, 129, 64, 0.9375302663438256, 1936, 1871, 129, 64, 0.9375302663438256, 1936, 1871, 129, 64, 0.9375302663438256, 1936, 1871, 129, 64, 0.9375302663438256, 1936, 1871, 129, 64, 0.9375302663438256, 1936, 1871, 129, 64, 0.9375302663438256, 1936, 1871, 129, 64, 0.9375302663438256, 1936, 1871, 129, 64, 0.9375302663438256, 1936, 1871, 129, 64, 0.9375302663438256, 1936, 1871, 129, 64, 0.9375302663438256, 1936, 1871, 129, 64, 0.9375302663438256, 1936, 1871, 129, 64, 0.9375302663438256, 1936, 1871, 129, 64, 0.9375302663438256, 1936, 1871, 129, 64, 0.9375302663438256, 1936, 1871, 129, 64, 0.9375302663438256, 1936, 1871, 129, 64, 0.9375302663438256, 1936, 1871, 129, 64, 0.9375302663438256, 1936, 1871, 129, 64, 0.9375302663438256, 1936, 1871, 129, 64, 0.9375302663438256, 1936, 1871, 129, 64, 0.9375302663438256, 1936, 1871, 129, 64, 0.9375302663438256, 1936, 1871, 129, 64, 0.9375302663438256, 1936, 1871, 129, 64, 0.9375302663438256, 1936, 1871, 129, 64, 0.9375302663438256, 1936, 1871, 129, 64, 0.9375302663438256, 1936, 1871, 129, 64, 0.9375302663438256, 1936, 1871, 129, 64, 0.9375302663438256, 1936, 1871, 129, 64, 0.9375302663438256)"
4,2500,96.27083333333334,95.625,"(1942, 1883, 117, 58, 0.9431762991743565, 1942, 1883, 117, 58, 0.9431762991743565, 1942, 1883, 117, 58, 0.9431762991743565, 1942, 1883, 117, 58, 0.9431762991743565, 1942, 1883, 117, 58, 0.9431762991743565, 1942, 1883, 117, 58, 0.9431762991743565, 1942, 1883, 117, 58, 0.9431762991743565, 1942, 1883, 117, 58, 0.9431762991743565, 1942, 1883, 117, 58, 0.9431762991743565, 1942, 1883, 117, 58, 0.9431762991743565, 1942, 1883, 117, 58, 0.9431762991743565, 1942, 1883, 117, 58, 0.9431762991743565, 1942, 1883, 117, 58, 0.9431762991743565, 1942, 1883, 117, 58, 0.9431762991743565, 1942, 1883, 117, 58, 0.9431762991743565, 1942, 1883, 117, 58, 0.9431762991743565, 1942, 1883, 117, 58, 0.9431762991743565, 1942, 1883, 117, 58, 0.9431762991743565, 1942, 1883, 117, 58, 0.9431762991743565, 1942, 1883, 117, 58, 0.9431762991743565, 1942, 1883, 117, 58, 0.9431762991743565, 1942, 1883, 117, 58, 0.9431762991743565, 1942, 1883, 117, 58, 0.9431762991743565, 1942, 1883, 117, 58, 0.9431762991743565, 1942, 1883, 117, 58, 0.9431762991743565, 1942, 1883, 117, 58, 0.9431762991743565, 1942, 1883, 117, 58, 0.9431762991743565, 1942, 1883, 117, 58, 0.9431762991743565, 1942, 1883, 117, 58, 0.9431762991743565, 1942, 1883, 117, 58, 0.9431762991743565, 1942, 1883, 117, 58, 0.9431762991743565, 1942, 1883, 117, 58, 0.9431762991743565, 1942, 1883, 117, 58, 0.9431762991743565, 1942, 1883, 117, 58, 0.9431762991743565, 1942, 1883, 117, 58, 0.9431762991743565, 1942, 1883, 117, 58, 0.9431762991743565, 1942, 1883, 117, 58, 0.9431762991743565, 1942, 1883, 117, 58, 0.9431762991743565, 1942, 1883, 117, 58, 0.9431762991743565, 1942, 1883, 117, 58, 0.9431762991743565, 1942, 1883, 117, 58, 0.9431762991743565, 1942, 1883, 117, 58, 0.9431762991743565, 1942, 1883, 117, 58, 0.9431762991743565, 1942, 1883, 117, 58, 0.9431762991743565, 1942, 1883, 117, 58, 0.9431762991743565, 1942, 1883, 117, 58, 0.9431762991743565, 1942, 1883, 117, 58, 0.9431762991743565, 1942, 1883, 117, 58, 0.9431762991743565, 1942, 1883, 117, 58, 0.9431762991743565, 1942, 1883, 117, 58, 0.9431762991743565, 1942, 1883, 117, 58, 0.9431762991743565, 1942, 1883, 117, 58, 0.9431762991743565, 1942, 1883, 117, 58, 0.9431762991743565, 1942, 1883, 117, 58, 0.9431762991743565, 1942, 1883, 117, 58, 0.9431762991743565, 1942, 1883, 117, 58, 0.9431762991743565, 1942, 1883, 117, 58, 0.9431762991743565, 1942, 1883, 117, 58, 0.9431762991743565, 1942, 1883, 117, 58, 0.9431762991743565, 1942, 1883, 117, 58, 0.9431762991743565, 1942, 1883, 117, 58, 0.9431762991743565, 1942, 1883, 117, 58, 0.9431762991743565, 1942, 1883, 117, 58, 0.9431762991743565, 1942, 1883, 117, 58, 0.9431762991743565, 1942, 1883, 117, 58, 0.9431762991743565, 1942, 1883, 117, 58, 0.9431762991743565, 1942, 1883, 117, 58, 0.9431762991743565, 1942, 1883, 117, 58, 0.9431762991743565, 1942, 1883, 117, 58, 0.9431762991743565, 1942, 1883, 117, 58, 0.9431762991743565, 1942, 1883, 117, 58, 0.9431762991743565, 1942, 1883, 117, 58, 0.9431762991743565, 1942, 1883, 117, 58, 0.9431762991743565, 1942, 1883, 117, 58, 0.9431762991743565, 1942, 1883, 117, 58, 0.9431762991743565, 1942, 1883, 117, 58, 0.9431762991743565, 1942, 1883, 117, 58, 0.9431762991743565, 1942, 1883, 117, 58, 0.9431762991743565, 1942, 1883, 117, 58, 0.9431762991743565, 1942, 1883, 117, 58, 0.9431762991743565, 1942, 1883, 117, 58, 0.9431762991743565, 1942, 1883, 117, 58, 0.9431762991743565, 1942, 1883, 117, 58, 0.9431762991743565, 1942, 1883, 117, 58, 0.9431762991743565, 1942, 1883, 117, 58, 0.9431762991743565, 1942, 1883, 117, 58, 0.9431762991743565, 1942, 1883, 117, 58, 0.9431762991743565, 1942, 1883, 117, 58, 0.9431762991743565, 1942, 1883, 117, 58, 0.9431762991743565, 1942, 1883, 117, 58, 0.9431762991743565, 1942, 1883, 117, 58, 0.9431762991743565, 1942, 1883, 117, 58, 0.9431762991743565, 1942, 1883, 117, 58, 0.9431762991743565, 1942, 1883, 117, 58, 0.9431762991743565, 1942, 1883, 117, 58, 0.9431762991743565, 1942, 1883, 117, 58, 0.9431762991743565, 1942, 1883, 117, 58, 0.9431762991743565, 1942, 1883, 117, 58, 0.9431762991743565, 1942, 1883, 117, 58, 0.9431762991743565, 1942, 1883, 117, 58, 0.9431762991743565)"
5,3000,96.59583333333333,95.85000000000001,"(1942, 1892, 108, 58, 0.9473170731707317, 1942, 1892, 108, 58, 0.9473170731707317, 1942, 1892, 108, 58, 0.9473170731707317, 1942, 1892, 108, 58, 0.9473170731707317, 1942, 1892, 108, 58, 0.9473170731707317, 1942, 1892, 108, 58, 0.9473170731707317, 1942, 1892, 108, 58, 0.9473170731707317, 1942, 1892, 108, 58, 0.9473170731707317, 1942, 1892, 108, 58, 0.9473170731707317, 1942, 1892, 108, 58, 0.9473170731707317, 1942, 1892, 108, 58, 0.9473170731707317, 1942, 1892, 108, 58, 0.9473170731707317, 1942, 1892, 108, 58, 0.9473170731707317, 1942, 1892, 108, 58, 0.9473170731707317, 1942, 1892, 108, 58, 0.9473170731707317, 1942, 1892, 108, 58, 0.9473170731707317, 1942, 1892, 108, 58, 0.9473170731707317, 1942, 1892, 108, 58, 0.9473170731707317, 1942, 1892, 108, 58, 0.9473170731707317, 1942, 1892, 108, 58, 0.9473170731707317, 1942, 1892, 108, 58, 0.9473170731707317, 1942, 1892, 108, 58, 0.9473170731707317, 1942, 1892, 108, 58, 0.9473170731707317, 1942, 1892, 108, 58, 0.9473170731707317, 1942, 1892, 108, 58, 0.9473170731707317, 1942, 1892, 108, 58, 0.9473170731707317, 1942, 1892, 108, 58, 0.9473170731707317, 1942, 1892, 108, 58, 0.9473170731707317, 1942, 1892, 108, 58, 0.9473170731707317, 1942, 1892, 108, 58, 0.9473170731707317, 1942, 1892, 108, 58, 0.9473170731707317, 1942, 1892, 108, 58, 0.9473170731707317, 1942, 1892, 108, 58, 0.9473170731707317, 1942, 1892, 108, 58, 0.9473170731707317, 1942, 1892, 108, 58, 0.9473170731707317, 1942, 1892, 108, 58, 0.9473170731707317, 1942, 1892, 108, 58, 0.9473170731707317, 1942, 1892, 108, 58, 0.9473170731707317, 1942, 1892, 108, 58, 0.9473170731707317, 1942, 1892, 108, 58, 0.9473170731707317, 1942, 1892, 108, 58, 0.9473170731707317, 1942, 1892, 108, 58, 0.9473170731707317, 1942, 1892, 108, 58, 0.9473170731707317, 1942, 1892, 108, 58, 0.9473170731707317, 1942, 1892, 108, 58, 0.9473170731707317, 1942, 1892, 108, 58, 0.9473170731707317, 1942, 1892, 108, 58, 0.9473170731707317, 1942, 1892, 108, 58, 0.9473170731707317, 1942, 1892, 108, 58, 0.9473170731707317, 1942, 1892, 108, 58, 0.9473170731707317, 1942, 1892, 108, 58, 0.9473170731707317, 1942, 1892, 108, 58, 0.9473170731707317, 1942, 1892, 108, 58, 0.9473170731707317, 1942, 1892, 108, 58, 0.9473170731707317, 1942, 1892, 108, 58, 0.9473170731707317, 1942, 1892, 108, 58, 0.9473170731707317, 1942, 1892, 108, 58, 0.9473170731707317, 1942, 1892, 108, 58, 0.9473170731707317, 1942, 1892, 108, 58, 0.9473170731707317, 1942, 1892, 108, 58, 0.9473170731707317, 1942, 1892, 108, 58, 0.9473170731707317, 1942, 1892, 108, 58, 0.9473170731707317, 1942, 1892, 108, 58, 0.9473170731707317, 1942, 1892, 108, 58, 0.9473170731707317, 1942, 1892, 108, 58, 0.9473170731707317, 1942, 1892, 108, 58, 0.9473170731707317, 1942, 1892, 108, 58, 0.9473170731707317, 1942, 1892, 108, 58, 0.9473170731707317, 1942, 1892, 108, 58, 0.9473170731707317, 1942, 1892, 108, 58, 0.9473170731707317, 1942, 1892, 108, 58, 0.9473170731707317, 1942, 1892, 108, 58, 0.9473170731707317, 1942, 1892, 108, 58, 0.9473170731707317, 1942, 1892, 108, 58, 0.9473170731707317, 1942, 1892, 108, 58, 0.9473170731707317, 1942, 1892, 108, 58, 0.9473170731707317, 1942, 1892, 108, 58, 0.9473170731707317, 1942, 1892, 108, 58, 0.9473170731707317, 1942, 1892, 108, 58, 0.9473170731707317, 1942, 1892, 108, 58, 0.9473170731707317, 1942, 1892, 108, 58, 0.9473170731707317, 1942, 1892, 108, 58, 0.9473170731707317, 1942, 1892, 108, 58, 0.9473170731707317, 1942, 1892, 108, 58, 0.9473170731707317, 1942, 1892, 108, 58, 0.9473170731707317, 1942, 1892, 108, 58, 0.9473170731707317, 1942, 1892, 108, 58, 0.9473170731707317, 1942, 1892, 108, 58, 0.9473170731707317, 1942, 1892, 108, 58, 0.9473170731707317, 1942, 1892, 108, 58, 0.9473170731707317, 1942, 1892, 108, 58, 0.9473170731707317, 1942, 1892, 108, 58, 0.9473170731707317, 1942, 1892, 108, 58, 0.9473170731707317, 1942, 1892, 108, 58, 0.9473170731707317, 1942, 1892, 108, 58, 0.9473170731707317, 1942, 1892, 108, 58, 0.9473170731707317, 1942, 1892, 108, 58, 0.9473170731707317, 1942, 1892, 108, 58, 0.9473170731707317, 1942, 1892, 108, 58, 0.9473170731707317, 1942, 1892, 108, 58, 0.9473170731707317)"
6,3500,96.81666666666666,95.92500000000001,"(1943, 1894, 106, 57, 0.9482674475353832, 1943, 1894, 106, 57, 0.9482674475353832, 1943, 1894, 106, 57, 0.9482674475353832, 1943, 1894, 106, 57, 0.9482674475353832, 1943, 1894, 106, 57, 0.9482674475353832, 1943, 1894, 106, 57, 0.9482674475353832, 1943, 1894, 106, 57, 0.9482674475353832, 1943, 1894, 106, 57, 0.9482674475353832, 1943, 1894, 106, 57, 0.9482674475353832, 1943, 1894, 106, 57, 0.9482674475353832, 1943, 1894, 106, 57, 0.9482674475353832, 1943, 1894, 106, 57, 0.9482674475353832, 1943, 1894, 106, 57, 0.9482674475353832, 1943, 1894, 106, 57, 0.9482674475353832, 1943, 1894, 106, 57, 0.9482674475353832, 1943, 1894, 106, 57, 0.9482674475353832, 1943, 1894, 106, 57, 0.9482674475353832, 1943, 1894, 106, 57, 0.9482674475353832, 1943, 1894, 106, 57, 0.9482674475353832, 1943, 1894, 106, 57, 0.9482674475353832, 1943, 1894, 106, 57, 0.9482674475353832, 1943, 1894, 106, 57, 0.9482674475353832, 1943, 1894, 106, 57, 0.9482674475353832, 1943, 1894, 106, 57, 0.9482674475353832, 1943, 1894, 106, 57, 0.9482674475353832, 1943, 1894, 106, 57, 0.9482674475353832, 1943, 1894, 106, 57, 0.9482674475353832, 1943, 1894, 106, 57, 0.9482674475353832, 1943, 1894, 106, 57, 0.9482674475353832, 1943, 1894, 106, 57, 0.9482674475353832, 1943, 1894, 106, 57, 0.9482674475353832, 1943, 1894, 106, 57, 0.9482674475353832, 1943, 1894, 106, 57, 0.9482674475353832, 1943, 1894, 106, 57, 0.9482674475353832, 1943, 1894, 106, 57, 0.9482674475353832, 1943, 1894, 106, 57, 0.9482674475353832, 1943, 1894, 106, 57, 0.9482674475353832, 1943, 1894, 106, 57, 0.9482674475353832, 1943, 1894, 106, 57, 0.9482674475353832, 1943, 1894, 106, 57, 0.9482674475353832, 1943, 1894, 106, 57, 0.9482674475353832, 1943, 1894, 106, 57, 0.9482674475353832, 1943, 1894, 106, 57, 0.9482674475353832, 1943, 1894, 106, 57, 0.9482674475353832, 1943, 1894, 106, 57, 0.9482674475353832, 1943, 1894, 106, 57, 0.9482674475353832, 1943, 1894, 106, 57, 0.9482674475353832, 1943, 1894, 106, 57, 0.9482674475353832, 1943, 1894, 106, 57, 0.9482674475353832, 1943, 1894, 106, 57, 0.9482674475353832, 1943, 1894, 106, 57, 0.9482674475353832, 1943, 1894, 106, 57, 0.9482674475353832, 1943, 1894, 106, 57, 0.9482674475353832, 1943, 1894, 106, 57, 0.9482674475353832, 1943, 1894, 106, 57, 0.9482674475353832, 1943, 1894, 106, 57, 0.9482674475353832, 1943, 1894, 106, 57, 0.9482674475353832, 1943, 1894, 106, 57, 0.9482674475353832, 1943, 1894, 106, 57, 0.9482674475353832, 1943, 1894, 106, 57, 0.9482674475353832, 1943, 1894, 106, 57, 0.9482674475353832, 1943, 1894, 106, 57, 0.9482674475353832, 1943, 1894, 106, 57, 0.9482674475353832, 1943, 1894, 106, 57, 0.9482674475353832, 1943, 1894, 106, 57, 0.9482674475353832, 1943, 1894, 106, 57, 0.9482674475353832, 1943, 1894, 106, 57, 0.9482674475353832, 1943, 1894, 106, 57, 0.9482674475353832, 1943, 1894, 106, 57, 0.9482674475353832, 1943, 1894, 106, 57, 0.9482674475353832, 1943, 1894, 106, 57, 0.9482674475353832, 1943, 1894, 106, 57, 0.9482674475353832, 1943, 1894, 106, 57, 0.9482674475353832, 1943, 1894, 106, 57, 0.9482674475353832, 1943, 1894, 106, 57, 0.9482674475353832, 1943, 1894, 106, 57, 0.9482674475353832, 1943, 1894, 106, 57, 0.9482674475353832, 1943, 1894, 106, 57, 0.9482674475353832, 1943, 1894, 106, 57, 0.9482674475353832, 1943, 1894, 106, 57, 0.9482674475353832, 1943, 1894, 106, 57, 0.9482674475353832, 1943, 1894, 106, 57, 0.9482674475353832, 1943, 1894, 106, 57, 0.9482674475353832, 1943, 1894, 106, 57, 0.9482674475353832, 1943, 1894, 106, 57, 0.9482674475353832, 1943, 1894, 106, 57, 0.9482674475353832, 1943, 1894, 106, 57, 0.9482674475353832, 1943, 1894, 106, 57, 0.9482674475353832, 1943, 1894, 106, 57, 0.9482674475353832, 1943, 1894, 106, 57, 0.9482674475353832, 1943, 1894, 106, 57, 0.9482674475353832, 1943, 1894, 106, 57, 0.9482674475353832, 1943, 1894, 106, 57, 0.9482674475353832, 1943, 1894, 106, 57, 0.9482674475353832, 1943, 1894, 106, 57, 0.9482674475353832, 1943, 1894, 106, 57, 0.9482674475353832, 1943, 1894, 106, 57, 0.9482674475353832, 1943, 1894, 106, 57, 0.9482674475353832, 1943, 1894, 106, 57, 0.9482674475353832, 1943, 1894, 106, 57, 0.9482674475353832)"
7,4000,96.99166666666666,95.92500000000001,"(1941, 1896, 104, 59, 0.9491442542787286, 1941, 1896, 104, 59, 0.9491442542787286, 1941, 1896, 104, 59, 0.9491442542787286, 1941, 1896, 104, 59, 0.9491442542787286, 1941, 1896, 104, 59, 0.9491442542787286, 1941, 1896, 104, 59, 0.9491442542787286, 1941, 1896, 104, 59, 0.9491442542787286, 1941, 1896, 104, 59, 0.9491442542787286, 1941, 1896, 104, 59, 0.9491442542787286, 1941, 1896, 104, 59, 0.9491442542787286, 1941, 1896, 104, 59, 0.9491442542787286, 1941, 1896, 104, 59, 0.9491442542787286, 1941, 1896, 104, 59, 0.9491442542787286, 1941, 1896, 104, 59, 0.9491442542787286, 1941, 1896, 104, 59, 0.9491442542787286, 1941, 1896, 104, 59, 0.9491442542787286, 1941, 1896, 104, 59, 0.9491442542787286, 1941, 1896, 104, 59, 0.9491442542787286, 1941, 1896, 104, 59, 0.9491442542787286, 1941, 1896, 104, 59, 0.9491442542787286, 1941, 1896, 104, 59, 0.9491442542787286, 1941, 1896, 104, 59, 0.9491442542787286, 1941, 1896, 104, 59, 0.9491442542787286, 1941, 1896, 104, 59, 0.9491442542787286, 1941, 1896, 104, 59, 0.9491442542787286, 1941, 1896, 104, 59, 0.9491442542787286, 1941, 1896, 104, 59, 0.9491442542787286, 1941, 1896, 104, 59, 0.9491442542787286, 1941, 1896, 104, 59, 0.9491442542787286, 1941, 1896, 104, 59, 0.9491442542787286, 1941, 1896, 104, 59, 0.9491442542787286, 1941, 1896, 104, 59, 0.9491442542787286, 1941, 1896, 104, 59, 0.9491442542787286, 1941, 1896, 104, 59, 0.9491442542787286, 1941, 1896, 104, 59, 0.9491442542787286, 1941, 1896, 104, 59, 0.9491442542787286, 1941, 1896, 104, 59, 0.9491442542787286, 1941, 1896, 104, 59, 0.9491442542787286, 1941, 1896, 104, 59, 0.9491442542787286, 1941, 1896, 104, 59, 0.9491442542787286, 1941, 1896, 104, 59, 0.9491442542787286, 1941, 1896, 104, 59, 0.9491442542787286, 1941, 1896, 104, 59, 0.9491442542787286, 1941, 1896, 104, 59, 0.9491442542787286, 1941, 1896, 104, 59, 0.9491442542787286, 1941, 1896, 104, 59, 0.9491442542787286, 1941, 1896, 104, 59, 0.9491442542787286, 1941, 1896, 104, 59, 0.9491442542787286, 1941, 1896, 104, 59, 0.9491442542787286, 1941, 1896, 104, 59, 0.9491442542787286, 1941, 1896, 104, 59, 0.9491442542787286, 1941, 1896, 104, 59, 0.9491442542787286, 1941, 1896, 104, 59, 0.9491442542787286, 1941, 1896, 104, 59, 0.9491442542787286, 1941, 1896, 104, 59, 0.9491442542787286, 1941, 1896, 104, 59, 0.9491442542787286, 1941, 1896, 104, 59, 0.9491442542787286, 1941, 1896, 104, 59, 0.9491442542787286, 1941, 1896, 104, 59, 0.9491442542787286, 1941, 1896, 104, 59, 0.9491442542787286, 1941, 1896, 104, 59, 0.9491442542787286, 1941, 1896, 104, 59, 0.9491442542787286, 1941, 1896, 104, 59, 0.9491442542787286, 1941, 1896, 104, 59, 0.9491442542787286, 1941, 1896, 104, 59, 0.9491442542787286, 1941, 1896, 104, 59, 0.9491442542787286, 1941, 1896, 104, 59, 0.9491442542787286, 1941, 1896, 104, 59, 0.9491442542787286, 1941, 1896, 104, 59, 0.9491442542787286, 1941, 1896, 104, 59, 0.9491442542787286, 1941, 1896, 104, 59, 0.9491442542787286, 1941, 1896, 104, 59, 0.9491442542787286, 1941, 1896, 104, 59, 0.9491442542787286, 1941, 1896, 104, 59, 0.9491442542787286, 1941, 1896, 104, 59, 0.9491442542787286, 1941, 1896, 104, 59, 0.9491442542787286, 1941, 1896, 104, 59, 0.9491442542787286, 1941, 1896, 104, 59, 0.9491442542787286, 1941, 1896, 104, 59, 0.9491442542787286, 1941, 1896, 104, 59, 0.9491442542787286, 1941, 1896, 104, 59, 0.9491442542787286, 1941, 1896, 104, 59, 0.9491442542787286, 1941, 1896, 104, 59, 0.9491442542787286, 1941, 1896, 104, 59, 0.9491442542787286, 1941, 1896, 104, 59, 0.9491442542787286, 1941, 1896, 104, 59, 0.9491442542787286, 1941, 1896, 104, 59, 0.9491442542787286, 1941, 1896, 104, 59, 0.9491442542787286, 1941, 1896, 104, 59, 0.9491442542787286, 1941, 1896, 104, 59, 0.9491442542787286, 1941, 1896, 104, 59, 0.9491442542787286, 1941, 1896, 104, 59, 0.9491442542787286, 1941, 1896, 104, 59, 0.9491442542787286, 1941, 1896, 104, 59, 0.9491442542787286, 1941, 1896, 104, 59, 0.9491442542787286, 1941, 1896, 104, 59, 0.9491442542787286, 1941, 1896, 104, 59, 0.9491442542787286, 1941, 1896, 104, 59, 0.9491442542787286, 1941, 1896, 104, 59, 0.9491442542787286, 1941, 1896, 104, 59, 0.9491442542787286)"
8,4500,97.10833333333333,96.05,"(1943, 1899, 101, 57, 0.950587084148728, 1943, 1899, 101, 57, 0.950587084148728, 1943, 1899, 101, 57, 0.950587084148728, 1943, 1899, 101, 57, 0.950587084148728, 1943, 1899, 101, 57, 0.950587084148728, 1943, 1899, 101, 57, 0.950587084148728, 1943, 1899, 101, 57, 0.950587084148728, 1943, 1899, 101, 57, 0.950587084148728, 1943, 1899, 101, 57, 0.950587084148728, 1943, 1899, 101, 57, 0.950587084148728, 1943, 1899, 101, 57, 0.950587084148728, 1943, 1899, 101, 57, 0.950587084148728, 1943, 1899, 101, 57, 0.950587084148728, 1943, 1899, 101, 57, 0.950587084148728, 1943, 1899, 101, 57, 0.950587084148728, 1943, 1899, 101, 57, 0.950587084148728, 1943, 1899, 101, 57, 0.950587084148728, 1943, 1899, 101, 57, 0.950587084148728, 1943, 1899, 101, 57, 0.950587084148728, 1943, 1899, 101, 57, 0.950587084148728, 1943, 1899, 101, 57, 0.950587084148728, 1943, 1899, 101, 57, 0.950587084148728, 1943, 1899, 101, 57, 0.950587084148728, 1943, 1899, 101, 57, 0.950587084148728, 1943, 1899, 101, 57, 0.950587084148728, 1943, 1899, 101, 57, 0.950587084148728, 1943, 1899, 101, 57, 0.950587084148728, 1943, 1899, 101, 57, 0.950587084148728, 1943, 1899, 101, 57, 0.950587084148728, 1943, 1899, 101, 57, 0.950587084148728, 1943, 1899, 101, 57, 0.950587084148728, 1943, 1899, 101, 57, 0.950587084148728, 1943, 1899, 101, 57, 0.950587084148728, 1943, 1899, 101, 57, 0.950587084148728, 1943, 1899, 101, 57, 0.950587084148728, 1943, 1899, 101, 57, 0.950587084148728, 1943, 1899, 101, 57, 0.950587084148728, 1943, 1899, 101, 57, 0.950587084148728, 1943, 1899, 101, 57, 0.950587084148728, 1943, 1899, 101, 57, 0.950587084148728, 1943, 1899, 101, 57, 0.950587084148728, 1943, 1899, 101, 57, 0.950587084148728, 1943, 1899, 101, 57, 0.950587084148728, 1943, 1899, 101, 57, 0.950587084148728, 1943, 1899, 101, 57, 0.950587084148728, 1943, 1899, 101, 57, 0.950587084148728, 1943, 1899, 101, 57, 0.950587084148728, 1943, 1899, 101, 57, 0.950587084148728, 1943, 1899, 101, 57, 0.950587084148728, 1943, 1899, 101, 57, 0.950587084148728, 1943, 1899, 101, 57, 0.950587084148728, 1943, 1899, 101, 57, 0.950587084148728, 1943, 1899, 101, 57, 0.950587084148728, 1943, 1899, 101, 57, 0.950587084148728, 1943, 1899, 101, 57, 0.950587084148728, 1943, 1899, 101, 57, 0.950587084148728, 1943, 1899, 101, 57, 0.950587084148728, 1943, 1899, 101, 57, 0.950587084148728, 1943, 1899, 101, 57, 0.950587084148728, 1943, 1899, 101, 57, 0.950587084148728, 1943, 1899, 101, 57, 0.950587084148728, 1943, 1899, 101, 57, 0.950587084148728, 1943, 1899, 101, 57, 0.950587084148728, 1943, 1899, 101, 57, 0.950587084148728, 1943, 1899, 101, 57, 0.950587084148728, 1943, 1899, 101, 57, 0.950587084148728, 1943, 1899, 101, 57, 0.950587084148728, 1943, 1899, 101, 57, 0.950587084148728, 1943, 1899, 101, 57, 0.950587084148728, 1943, 1899, 101, 57, 0.950587084148728, 1943, 1899, 101, 57, 0.950587084148728, 1943, 1899, 101, 57, 0.950587084148728, 1943, 1899, 101, 57, 0.950587084148728, 1943, 1899, 101, 57, 0.950587084148728, 1943, 1899, 101, 57, 0.950587084148728, 1943, 1899, 101, 57, 0.950587084148728, 1943, 1899, 101, 57, 0.950587084148728, 1943, 1899, 101, 57, 0.950587084148728, 1943, 1899, 101, 57, 0.950587084148728, 1943, 1899, 101, 57, 0.950587084148728, 1943, 1899, 101, 57, 0.950587084148728, 1943, 1899, 101, 57, 0.950587084148728, 1943, 1899, 101, 57, 0.950587084148728, 1943, 1899, 101, 57, 0.950587084148728, 1943, 1899, 101, 57, 0.950587084148728, 1943, 1899, 101, 57, 0.950587084148728, 1943, 1899, 101, 57, 0.950587084148728, 1943, 1899, 101, 57, 0.950587084148728, 1943, 1899, 101, 57, 0.950587084148728, 1943, 1899, 101, 57, 0.950587084148728, 1943, 1899, 101, 57, 0.950587084148728, 1943, 1899, 101, 57, 0.950587084148728, 1943, 1899, 101, 57, 0.950587084148728, 1943, 1899, 101, 57, 0.950587084148728, 1943, 1899, 101, 57, 0.950587084148728, 1943, 1899, 101, 57, 0.950587084148728, 1943, 1899, 101, 57, 0.950587084148728, 1943, 1899, 101, 57, 0.950587084148728, 1943, 1899, 101, 57, 0.950587084148728, 1943, 1899, 101, 57, 0.950587084148728)"
9,5000,97.22083333333333,96.275,"(1945, 1906, 94, 55, 0.9538989700833742, 1945, 1906, 94, 55, 0.9538989700833742, 1945, 1906, 94, 55, 0.9538989700833742, 1945, 1906, 94, 55, 0.9538989700833742, 1945, 1906, 94, 55, 0.9538989700833742, 1945, 1906, 94, 55, 0.9538989700833742, 1945, 1906, 94, 55, 0.9538989700833742, 1945, 1906, 94, 55, 0.9538989700833742, 1945, 1906, 94, 55, 0.9538989700833742, 1945, 1906, 94, 55, 0.9538989700833742, 1945, 1906, 94, 55, 0.9538989700833742, 1945, 1906, 94, 55, 0.9538989700833742, 1945, 1906, 94, 55, 0.9538989700833742, 1945, 1906, 94, 55, 0.9538989700833742, 1945, 1906, 94, 55, 0.9538989700833742, 1945, 1906, 94, 55, 0.9538989700833742, 1945, 1906, 94, 55, 0.9538989700833742, 1945, 1906, 94, 55, 0.9538989700833742, 1945, 1906, 94, 55, 0.9538989700833742, 1945, 1906, 94, 55, 0.9538989700833742, 1945, 1906, 94, 55, 0.9538989700833742, 1945, 1906, 94, 55, 0.9538989700833742, 1945, 1906, 94, 55, 0.9538989700833742, 1945, 1906, 94, 55, 0.9538989700833742, 1945, 1906, 94, 55, 0.9538989700833742, 1945, 1906, 94, 55, 0.9538989700833742, 1945, 1906, 94, 55, 0.9538989700833742, 1945, 1906, 94, 55, 0.9538989700833742, 1945, 1906, 94, 55, 0.9538989700833742, 1945, 1906, 94, 55, 0.9538989700833742, 1945, 1906, 94, 55, 0.9538989700833742, 1945, 1906, 94, 55, 0.9538989700833742, 1945, 1906, 94, 55, 0.9538989700833742, 1945, 1906, 94, 55, 0.9538989700833742, 1945, 1906, 94, 55, 0.9538989700833742, 1945, 1906, 94, 55, 0.9538989700833742, 1945, 1906, 94, 55, 0.9538989700833742, 1945, 1906, 94, 55, 0.9538989700833742, 1945, 1906, 94, 55, 0.9538989700833742, 1945, 1906, 94, 55, 0.9538989700833742, 1945, 1906, 94, 55, 0.9538989700833742, 1945, 1906, 94, 55, 0.9538989700833742, 1945, 1906, 94, 55, 0.9538989700833742, 1945, 1906, 94, 55, 0.9538989700833742, 1945, 1906, 94, 55, 0.9538989700833742, 1945, 1906, 94, 55, 0.9538989700833742, 1945, 1906, 94, 55, 0.9538989700833742, 1945, 1906, 94, 55, 0.9538989700833742, 1945, 1906, 94, 55, 0.9538989700833742, 1945, 1906, 94, 55, 0.9538989700833742, 1945, 1906, 94, 55, 0.9538989700833742, 1945, 1906, 94, 55, 0.9538989700833742, 1945, 1906, 94, 55, 0.9538989700833742, 1945, 1906, 94, 55, 0.9538989700833742, 1945, 1906, 94, 55, 0.9538989700833742, 1945, 1906, 94, 55, 0.9538989700833742, 1945, 1906, 94, 55, 0.9538989700833742, 1945, 1906, 94, 55, 0.9538989700833742, 1945, 1906, 94, 55, 0.9538989700833742, 1945, 1906, 94, 55, 0.9538989700833742, 1945, 1906, 94, 55, 0.9538989700833742, 1945, 1906, 94, 55, 0.9538989700833742, 1945, 1906, 94, 55, 0.9538989700833742, 1945, 1906, 94, 55, 0.9538989700833742, 1945, 1906, 94, 55, 0.9538989700833742, 1945, 1906, 94, 55, 0.9538989700833742, 1945, 1906, 94, 55, 0.9538989700833742, 1945, 1906, 94, 55, 0.9538989700833742, 1945, 1906, 94, 55, 0.9538989700833742, 1945, 1906, 94, 55, 0.9538989700833742, 1945, 1906, 94, 55, 0.9538989700833742, 1945, 1906, 94, 55, 0.9538989700833742, 1945, 1906, 94, 55, 0.9538989700833742, 1945, 1906, 94, 55, 0.9538989700833742, 1945, 1906, 94, 55, 0.9538989700833742, 1945, 1906, 94, 55, 0.9538989700833742, 1945, 1906, 94, 55, 0.9538989700833742, 1945, 1906, 94, 55, 0.9538989700833742, 1945, 1906, 94, 55, 0.9538989700833742, 1945, 1906, 94, 55, 0.9538989700833742, 1945, 1906, 94, 55, 0.9538989700833742, 1945, 1906, 94, 55, 0.9538989700833742, 1945, 1906, 94, 55, 0.9538989700833742, 1945, 1906, 94, 55, 0.9538989700833742, 1945, 1906, 94, 55, 0.9538989700833742, 1945, 1906, 94, 55, 0.9538989700833742, 1945, 1906, 94, 55, 0.9538989700833742, 1945, 1906, 94, 55, 0.9538989700833742, 1945, 1906, 94, 55, 0.9538989700833742, 1945, 1906, 94, 55, 0.9538989700833742, 1945, 1906, 94, 55, 0.9538989700833742, 1945, 1906, 94, 55, 0.9538989700833742, 1945, 1906, 94, 55, 0.9538989700833742, 1945, 1906, 94, 55, 0.9538989700833742, 1945, 1906, 94, 55, 0.9538989700833742, 1945, 1906, 94, 55, 0.9538989700833742, 1945, 1906, 94, 55, 0.9538989700833742, 1945, 1906, 94, 55, 0.9538989700833742, 1945, 1906, 94, 55, 0.9538989700833742, 1945, 1906, 94, 55, 0.9538989700833742)"
10,5500,97.3625,96.42500000000001,"(1947, 1910, 90, 53, 0.9558173784977909, 1947, 1910, 90, 53, 0.9558173784977909, 1947, 1910, 90, 53, 0.9558173784977909, 1947, 1910, 90, 53, 0.9558173784977909, 1947, 1910, 90, 53, 0.9558173784977909, 1947, 1910, 90, 53, 0.9558173784977909, 1947, 1910, 90, 53, 0.9558173784977909, 1947, 1910, 90, 53, 0.9558173784977909, 1947, 1910, 90, 53, 0.9558173784977909, 1947, 1910, 90, 53, 0.9558173784977909, 1947, 1910, 90, 53, 0.9558173784977909, 1947, 1910, 90, 53, 0.9558173784977909, 1947, 1910, 90, 53, 0.9558173784977909, 1947, 1910, 90, 53, 0.9558173784977909, 1947, 1910, 90, 53, 0.9558173784977909, 1947, 1910, 90, 53, 0.9558173784977909, 1947, 1910, 90, 53, 0.9558173784977909, 1947, 1910, 90, 53, 0.9558173784977909, 1947, 1910, 90, 53, 0.9558173784977909, 1947, 1910, 90, 53, 0.9558173784977909, 1947, 1910, 90, 53, 0.9558173784977909, 1947, 1910, 90, 53, 0.9558173784977909, 1947, 1910, 90, 53, 0.9558173784977909, 1947, 1910, 90, 53, 0.9558173784977909, 1947, 1910, 90, 53, 0.9558173784977909, 1947, 1910, 90, 53, 0.9558173784977909, 1947, 1910, 90, 53, 0.9558173784977909, 1947, 1910, 90, 53, 0.9558173784977909, 1947, 1910, 90, 53, 0.9558173784977909, 1947, 1910, 90, 53, 0.9558173784977909, 1947, 1910, 90, 53, 0.9558173784977909, 1947, 1910, 90, 53, 0.9558173784977909, 1947, 1910, 90, 53, 0.9558173784977909, 1947, 1910, 90, 53, 0.9558173784977909, 1947, 1910, 90, 53, 0.9558173784977909, 1947, 1910, 90, 53, 0.9558173784977909, 1947, 1910, 90, 53, 0.9558173784977909, 1947, 1910, 90, 53, 0.9558173784977909, 1947, 1910, 90, 53, 0.9558173784977909, 1947, 1910, 90, 53, 0.9558173784977909, 1947, 1910, 90, 53, 0.9558173784977909, 1947, 1910, 90, 53, 0.9558173784977909, 1947, 1910, 90, 53, 0.9558173784977909, 1947, 1910, 90, 53, 0.9558173784977909, 1947, 1910, 90, 53, 0.9558173784977909, 1947, 1910, 90, 53, 0.9558173784977909, 1947, 1910, 90, 53, 0.9558173784977909, 1947, 1910, 90, 53, 0.9558173784977909, 1947, 1910, 90, 53, 0.9558173784977909, 1947, 1910, 90, 53, 0.9558173784977909, 1947, 1910, 90, 53, 0.9558173784977909, 1947, 1910, 90, 53, 0.9558173784977909, 1947, 1910, 90, 53, 0.9558173784977909, 1947, 1910, 90, 53, 0.9558173784977909, 1947, 1910, 90, 53, 0.9558173784977909, 1947, 1910, 90, 53, 0.9558173784977909, 1947, 1910, 90, 53, 0.9558173784977909, 1947, 1910, 90, 53, 0.9558173784977909, 1947, 1910, 90, 53, 0.9558173784977909, 1947, 1910, 90, 53, 0.9558173784977909, 1947, 1910, 90, 53, 0.9558173784977909, 1947, 1910, 90, 53, 0.9558173784977909, 1947, 1910, 90, 53, 0.9558173784977909, 1947, 1910, 90, 53, 0.9558173784977909, 1947, 1910, 90, 53, 0.9558173784977909, 1947, 1910, 90, 53, 0.9558173784977909, 1947, 1910, 90, 53, 0.9558173784977909, 1947, 1910, 90, 53, 0.9558173784977909, 1947, 1910, 90, 53, 0.9558173784977909, 1947, 1910, 90, 53, 0.9558173784977909, 1947, 1910, 90, 53, 0.9558173784977909, 1947, 1910, 90, 53, 0.9558173784977909, 1947, 1910, 90, 53, 0.9558173784977909, 1947, 1910, 90, 53, 0.9558173784977909, 1947, 1910, 90, 53, 0.9558173784977909, 1947, 1910, 90, 53, 0.9558173784977909, 1947, 1910, 90, 53, 0.9558173784977909, 1947, 1910, 90, 53, 0.9558173784977909, 1947, 1910, 90, 53, 0.9558173784977909, 1947, 1910, 90, 53, 0.9558173784977909, 1947, 1910, 90, 53, 0.9558173784977909, 1947, 1910, 90, 53, 0.9558173784977909, 1947, 1910, 90, 53, 0.9558173784977909, 1947, 1910, 90, 53, 0.9558173784977909, 1947, 1910, 90, 53, 0.9558173784977909, 1947, 1910, 90, 53, 0.9558173784977909, 1947, 1910, 90, 53, 0.9558173784977909, 1947, 1910, 90, 53, 0.9558173784977909, 1947, 1910, 90, 53, 0.9558173784977909, 1947, 1910, 90, 53, 0.9558173784977909, 1947, 1910, 90, 53, 0.9558173784977909, 1947, 1910, 90, 53, 0.9558173784977909, 1947, 1910, 90, 53, 0.9558173784977909, 1947, 1910, 90, 53, 0.9558173784977909, 1947, 1910, 90, 53, 0.9558173784977909, 1947, 1910, 90, 53, 0.9558173784977909, 1947, 1910, 90, 53, 0.9558173784977909, 1947, 1910, 90, 53, 0.9558173784977909, 1947, 1910, 90, 53, 0.9558173784977909, 1947, 1910, 90, 53, 0.9558173784977909)"
11,6000,97.44583333333333,96.6,"(1951, 1913, 87, 49, 0.9573110893032385, 1951, 1913, 87, 49, 0.9573110893032385, 1951, 1913, 87, 49, 0.9573110893032385, 1951, 1913, 87, 49, 0.9573110893032385, 1951, 1913, 87, 49, 0.9573110893032385, 1951, 1913, 87, 49, 0.9573110893032385, 1951, 1913, 87, 49, 0.9573110893032385, 1951, 1913, 87, 49, 0.9573110893032385, 1951, 1913, 87, 49, 0.9573110893032385, 1951, 1913, 87, 49, 0.9573110893032385, 1951, 1913, 87, 49, 0.9573110893032385, 1951, 1913, 87, 49, 0.9573110893032385, 1951, 1913, 87, 49, 0.9573110893032385, 1951, 1913, 87, 49, 0.9573110893032385, 1951, 1913, 87, 49, 0.9573110893032385, 1951, 1913, 87, 49, 0.9573110893032385, 1951, 1913, 87, 49, 0.9573110893032385, 1951, 1913, 87, 49, 0.9573110893032385, 1951, 1913, 87, 49, 0.9573110893032385, 1951, 1913, 87, 49, 0.9573110893032385, 1951, 1913, 87, 49, 0.9573110893032385, 1951, 1913, 87, 49, 0.9573110893032385, 1951, 1913, 87, 49, 0.9573110893032385, 1951, 1913, 87, 49, 0.9573110893032385, 1951, 1913, 87, 49, 0.9573110893032385, 1951, 1913, 87, 49, 0.9573110893032385, 1951, 1913, 87, 49, 0.9573110893032385, 1951, 1913, 87, 49, 0.9573110893032385, 1951, 1913, 87, 49, 0.9573110893032385, 1951, 1913, 87, 49, 0.9573110893032385, 1951, 1913, 87, 49, 0.9573110893032385, 1951, 1913, 87, 49, 0.9573110893032385, 1951, 1913, 87, 49, 0.9573110893032385, 1951, 1913, 87, 49, 0.9573110893032385, 1951, 1913, 87, 49, 0.9573110893032385, 1951, 1913, 87, 49, 0.9573110893032385, 1951, 1913, 87, 49, 0.9573110893032385, 1951, 1913, 87, 49, 0.9573110893032385, 1951, 1913, 87, 49, 0.9573110893032385, 1951, 1913, 87, 49, 0.9573110893032385, 1951, 1913, 87, 49, 0.9573110893032385, 1951, 1913, 87, 49, 0.9573110893032385, 1951, 1913, 87, 49, 0.9573110893032385, 1951, 1913, 87, 49, 0.9573110893032385, 1951, 1913, 87, 49, 0.9573110893032385, 1951, 1913, 87, 49, 0.9573110893032385, 1951, 1913, 87, 49, 0.9573110893032385, 1951, 1913, 87, 49, 0.9573110893032385, 1951, 1913, 87, 49, 0.9573110893032385, 1951, 1913, 87, 49, 0.9573110893032385, 1951, 1913, 87, 49, 0.9573110893032385, 1951, 1913, 87, 49, 0.9573110893032385, 1951, 1913, 87, 49, 0.9573110893032385, 1951, 1913, 87, 49, 0.9573110893032385, 1951, 1913, 87, 49, 0.9573110893032385, 1951, 1913, 87, 49, 0.9573110893032385, 1951, 1913, 87, 49, 0.9573110893032385, 1951, 1913, 87, 49, 0.9573110893032385, 1951, 1913, 87, 49, 0.9573110893032385, 1951, 1913, 87, 49, 0.9573110893032385, 1951, 1913, 87, 49, 0.9573110893032385, 1951, 1913, 87, 49, 0.9573110893032385, 1951, 1913, 87, 49, 0.9573110893032385, 1951, 1913, 87, 49, 0.9573110893032385, 1951, 1913, 87, 49, 0.9573110893032385, 1951, 1913, 87, 49, 0.9573110893032385, 1951, 1913, 87, 49, 0.9573110893032385, 1951, 1913, 87, 49, 0.9573110893032385, 1951, 1913, 87, 49, 0.9573110893032385, 1951, 1913, 87, 49, 0.9573110893032385, 1951, 1913, 87, 49, 0.9573110893032385, 1951, 1913, 87, 49, 0.9573110893032385, 1951, 1913, 87, 49, 0.9573110893032385, 1951, 1913, 87, 49, 0.9573110893032385, 1951, 1913, 87, 49, 0.9573110893032385, 1951, 1913, 87, 49, 0.9573110893032385, 1951, 1913, 87, 49, 0.9573110893032385, 1951, 1913, 87, 49, 0.9573110893032385, 1951, 1913, 87, 49, 0.9573110893032385, 1951, 1913, 87, 49, 0.9573110893032385, 1951, 1913, 87, 49, 0.9573110893032385, 1951, 1913, 87, 49, 0.9573110893032385, 1951, 1913, 87, 49, 0.9573110893032385, 1951, 1913, 87, 49, 0.9573110893032385, 1951, 1913, 87, 49, 0.9573110893032385, 1951, 1913, 87, 49, 0.9573110893032385, 1951, 1913, 87, 49, 0.9573110893032385, 1951, 1913, 87, 49, 0.9573110893032385, 1951, 1913, 87, 49, 0.9573110893032385, 1951, 1913, 87, 49, 0.9573110893032385, 1951, 1913, 87, 49, 0.9573110893032385, 1951, 1913, 87, 49, 0.9573110893032385, 1951, 1913, 87, 49, 0.9573110893032385, 1951, 1913, 87, 49, 0.9573110893032385, 1951, 1913, 87, 49, 0.9573110893032385, 1951, 1913, 87, 49, 0.9573110893032385, 1951, 1913, 87, 49, 0.9573110893032385, 1951, 1913, 87, 49, 0.9573110893032385, 1951, 1913, 87, 49, 0.9573110893032385, 1951, 1913, 87, 49, 0.9573110893032385)"
12,6500,97.49166666666666,96.65,"(1952, 1914, 86, 48, 0.957801766437684, 1952, 1914, 86, 48, 0.957801766437684, 1952, 1914, 86, 48, 0.957801766437684, 1952, 1914, 86, 48, 0.957801766437684, 1952, 1914, 86, 48, 0.957801766437684, 1952, 1914, 86, 48, 0.957801766437684, 1952, 1914, 86, 48, 0.957801766437684, 1952, 1914, 86, 48, 0.957801766437684, 1952, 1914, 86, 48, 0.957801766437684, 1952, 1914, 86, 48, 0.957801766437684, 1952, 1914, 86, 48, 0.957801766437684, 1952, 1914, 86, 48, 0.957801766437684, 1952, 1914, 86, 48, 0.957801766437684, 1952, 1914, 86, 48, 0.957801766437684, 1952, 1914, 86, 48, 0.957801766437684, 1952, 1914, 86, 48, 0.957801766437684, 1952, 1914, 86, 48, 0.957801766437684, 1952, 1914, 86, 48, 0.957801766437684, 1952, 1914, 86, 48, 0.957801766437684, 1952, 1914, 86, 48, 0.957801766437684, 1952, 1914, 86, 48, 0.957801766437684, 1952, 1914, 86, 48, 0.957801766437684, 1952, 1914, 86, 48, 0.957801766437684, 1952, 1914, 86, 48, 0.957801766437684, 1952, 1914, 86, 48, 0.957801766437684, 1952, 1914, 86, 48, 0.957801766437684, 1952, 1914, 86, 48, 0.957801766437684, 1952, 1914, 86, 48, 0.957801766437684, 1952, 1914, 86, 48, 0.957801766437684, 1952, 1914, 86, 48, 0.957801766437684, 1952, 1914, 86, 48, 0.957801766437684, 1952, 1914, 86, 48, 0.957801766437684, 1952, 1914, 86, 48, 0.957801766437684, 1952, 1914, 86, 48, 0.957801766437684, 1952, 1914, 86, 48, 0.957801766437684, 1952, 1914, 86, 48, 0.957801766437684, 1952, 1914, 86, 48, 0.957801766437684, 1952, 1914, 86, 48, 0.957801766437684, 1952, 1914, 86, 48, 0.957801766437684, 1952, 1914, 86, 48, 0.957801766437684, 1952, 1914, 86, 48, 0.957801766437684, 1952, 1914, 86, 48, 0.957801766437684, 1952, 1914, 86, 48, 0.957801766437684, 1952, 1914, 86, 48, 0.957801766437684, 1952, 1914, 86, 48, 0.957801766437684, 1952, 1914, 86, 48, 0.957801766437684, 1952, 1914, 86, 48, 0.957801766437684, 1952, 1914, 86, 48, 0.957801766437684, 1952, 1914, 86, 48, 0.957801766437684, 1952, 1914, 86, 48, 0.957801766437684, 1952, 1914, 86, 48, 0.957801766437684, 1952, 1914, 86, 48, 0.957801766437684, 1952, 1914, 86, 48, 0.957801766437684, 1952, 1914, 86, 48, 0.957801766437684, 1952, 1914, 86, 48, 0.957801766437684, 1952, 1914, 86, 48, 0.957801766437684, 1952, 1914, 86, 48, 0.957801766437684, 1952, 1914, 86, 48, 0.957801766437684, 1952, 1914, 86, 48, 0.957801766437684, 1952, 1914, 86, 48, 0.957801766437684, 1952, 1914, 86, 48, 0.957801766437684, 1952, 1914, 86, 48, 0.957801766437684, 1952, 1914, 86, 48, 0.957801766437684, 1952, 1914, 86, 48, 0.957801766437684, 1952, 1914, 86, 48, 0.957801766437684, 1952, 1914, 86, 48, 0.957801766437684, 1952, 1914, 86, 48, 0.957801766437684, 1952, 1914, 86, 48, 0.957801766437684, 1952, 1914, 86, 48, 0.957801766437684, 1952, 1914, 86, 48, 0.957801766437684, 1952, 1914, 86, 48, 0.957801766437684, 1952, 1914, 86, 48, 0.957801766437684, 1952, 1914, 86, 48, 0.957801766437684, 1952, 1914, 86, 48, 0.957801766437684, 1952, 1914, 86, 48, 0.957801766437684, 1952, 1914, 86, 48, 0.957801766437684, 1952, 1914, 86, 48, 0.957801766437684, 1952, 1914, 86, 48, 0.957801766437684, 1952, 1914, 86, 48, 0.957801766437684, 1952, 1914, 86, 48, 0.957801766437684, 1952, 1914, 86, 48, 0.957801766437684, 1952, 1914, 86, 48, 0.957801766437684, 1952, 1914, 86, 48, 0.957801766437684, 1952, 1914, 86, 48, 0.957801766437684, 1952, 1914, 86, 48, 0.957801766437684, 1952, 1914, 86, 48, 0.957801766437684, 1952, 1914, 86, 48, 0.957801766437684, 1952, 1914, 86, 48, 0.957801766437684, 1952, 1914, 86, 48, 0.957801766437684, 1952, 1914, 86, 48, 0.957801766437684, 1952, 1914, 86, 48, 0.957801766437684, 1952, 1914, 86, 48, 0.957801766437684, 1952, 1914, 86, 48, 0.957801766437684, 1952, 1914, 86, 48, 0.957801766437684, 1952, 1914, 86, 48, 0.957801766437684, 1952, 1914, 86, 48, 0.957801766437684, 1952, 1914, 86, 48, 0.957801766437684, 1952, 1914, 86, 48, 0.957801766437684, 1952, 1914, 86, 48, 0.957801766437684, 1952, 1914, 86, 48, 0.957801766437684)"
13,7000,97.52916666666667,96.65,"(1951, 1915, 85, 49, 0.9582514734774067, 1951, 1915, 85, 49, 0.9582514734774067, 1951, 1915, 85, 49, 0.9582514734774067, 1951, 1915, 85, 49, 0.9582514734774067, 1951, 1915, 85, 49, 0.9582514734774067, 1951, 1915, 85, 49, 0.9582514734774067, 1951, 1915, 85, 49, 0.9582514734774067, 1951, 1915, 85, 49, 0.9582514734774067, 1951, 1915, 85, 49, 0.9582514734774067, 1951, 1915, 85, 49, 0.9582514734774067, 1951, 1915, 85, 49, 0.9582514734774067, 1951, 1915, 85, 49, 0.9582514734774067, 1951, 1915, 85, 49, 0.9582514734774067, 1951, 1915, 85, 49, 0.9582514734774067, 1951, 1915, 85, 49, 0.9582514734774067, 1951, 1915, 85, 49, 0.9582514734774067, 1951, 1915, 85, 49, 0.9582514734774067, 1951, 1915, 85, 49, 0.9582514734774067, 1951, 1915, 85, 49, 0.9582514734774067, 1951, 1915, 85, 49, 0.9582514734774067, 1951, 1915, 85, 49, 0.9582514734774067, 1951, 1915, 85, 49, 0.9582514734774067, 1951, 1915, 85, 49, 0.9582514734774067, 1951, 1915, 85, 49, 0.9582514734774067, 1951, 1915, 85, 49, 0.9582514734774067, 1951, 1915, 85, 49, 0.9582514734774067, 1951, 1915, 85, 49, 0.9582514734774067, 1951, 1915, 85, 49, 0.9582514734774067, 1951, 1915, 85, 49, 0.9582514734774067, 1951, 1915, 85, 49, 0.9582514734774067, 1951, 1915, 85, 49, 0.9582514734774067, 1951, 1915, 85, 49, 0.9582514734774067, 1951, 1915, 85, 49, 0.9582514734774067, 1951, 1915, 85, 49, 0.9582514734774067, 1951, 1915, 85, 49, 0.9582514734774067, 1951, 1915, 85, 49, 0.9582514734774067, 1951, 1915, 85, 49, 0.9582514734774067, 1951, 1915, 85, 49, 0.9582514734774067, 1951, 1915, 85, 49, 0.9582514734774067, 1951, 1915, 85, 49, 0.9582514734774067, 1951, 1915, 85, 49, 0.9582514734774067, 1951, 1915, 85, 49, 0.9582514734774067, 1951, 1915, 85, 49, 0.9582514734774067, 1951, 1915, 85, 49, 0.9582514734774067, 1951, 1915, 85, 49, 0.9582514734774067, 1951, 1915, 85, 49, 0.9582514734774067, 1951, 1915, 85, 49, 0.9582514734774067, 1951, 1915, 85, 49, 0.9582514734774067, 1951, 1915, 85, 49, 0.9582514734774067, 1951, 1915, 85, 49, 0.9582514734774067, 1951, 1915, 85, 49, 0.9582514734774067, 1951, 1915, 85, 49, 0.9582514734774067, 1951, 1915, 85, 49, 0.9582514734774067, 1951, 1915, 85, 49, 0.9582514734774067, 1951, 1915, 85, 49, 0.9582514734774067, 1951, 1915, 85, 49, 0.9582514734774067, 1951, 1915, 85, 49, 0.9582514734774067, 1951, 1915, 85, 49, 0.9582514734774067, 1951, 1915, 85, 49, 0.9582514734774067, 1951, 1915, 85, 49, 0.9582514734774067, 1951, 1915, 85, 49, 0.9582514734774067, 1951, 1915, 85, 49, 0.9582514734774067, 1951, 1915, 85, 49, 0.9582514734774067, 1951, 1915, 85, 49, 0.9582514734774067, 1951, 1915, 85, 49, 0.9582514734774067, 1951, 1915, 85, 49, 0.9582514734774067, 1951, 1915, 85, 49, 0.9582514734774067, 1951, 1915, 85, 49, 0.9582514734774067, 1951, 1915, 85, 49, 0.9582514734774067, 1951, 1915, 85, 49, 0.9582514734774067, 1951, 1915, 85, 49, 0.9582514734774067, 1951, 1915, 85, 49, 0.9582514734774067, 1951, 1915, 85, 49, 0.9582514734774067, 1951, 1915, 85, 49, 0.9582514734774067, 1951, 1915, 85, 49, 0.9582514734774067, 1951, 1915, 85, 49, 0.9582514734774067, 1951, 1915, 85, 49, 0.9582514734774067, 1951, 1915, 85, 49, 0.9582514734774067, 1951, 1915, 85, 49, 0.9582514734774067, 1951, 1915, 85, 49, 0.9582514734774067, 1951, 1915, 85, 49, 0.9582514734774067, 1951, 1915, 85, 49, 0.9582514734774067, 1951, 1915, 85, 49, 0.9582514734774067, 1951, 1915, 85, 49, 0.9582514734774067, 1951, 1915, 85, 49, 0.9582514734774067, 1951, 1915, 85, 49, 0.9582514734774067, 1951, 1915, 85, 49, 0.9582514734774067, 1951, 1915, 85, 49, 0.9582514734774067, 1951, 1915, 85, 49, 0.9582514734774067, 1951, 1915, 85, 49, 0.9582514734774067, 1951, 1915, 85, 49, 0.9582514734774067, 1951, 1915, 85, 49, 0.9582514734774067, 1951, 1915, 85, 49, 0.9582514734774067, 1951, 1915, 85, 49, 0.9582514734774067, 1951, 1915, 85, 49, 0.9582514734774067, 1951, 1915, 85, 49, 0.9582514734774067, 1951, 1915, 85, 49, 0.9582514734774067, 1951, 1915, 85, 49, 0.9582514734774067, 1951, 1915, 85, 49, 0.9582514734774067, 1951, 1915, 85, 49, 0.9582514734774067)"
14,7500,97.62916666666666,96.7,"(1952, 1916, 84, 48, 0.9587426326129665, 1952, 1916, 84, 48, 0.9587426326129665, 1952, 1916, 84, 48, 0.9587426326129665, 1952, 1916, 84, 48, 0.9587426326129665, 1952, 1916, 84, 48, 0.9587426326129665, 1952, 1916, 84, 48, 0.9587426326129665, 1952, 1916, 84, 48, 0.9587426326129665, 1952, 1916, 84, 48, 0.9587426326129665, 1952, 1916, 84, 48, 0.9587426326129665, 1952, 1916, 84, 48, 0.9587426326129665, 1952, 1916, 84, 48, 0.9587426326129665, 1952, 1916, 84, 48, 0.9587426326129665, 1952, 1916, 84, 48, 0.9587426326129665, 1952, 1916, 84, 48, 0.9587426326129665, 1952, 1916, 84, 48, 0.9587426326129665, 1952, 1916, 84, 48, 0.9587426326129665, 1952, 1916, 84, 48, 0.9587426326129665, 1952, 1916, 84, 48, 0.9587426326129665, 1952, 1916, 84, 48, 0.9587426326129665, 1952, 1916, 84, 48, 0.9587426326129665, 1952, 1916, 84, 48, 0.9587426326129665, 1952, 1916, 84, 48, 0.9587426326129665, 1952, 1916, 84, 48, 0.9587426326129665, 1952, 1916, 84, 48, 0.9587426326129665, 1952, 1916, 84, 48, 0.9587426326129665, 1952, 1916, 84, 48, 0.9587426326129665, 1952, 1916, 84, 48, 0.9587426326129665, 1952, 1916, 84, 48, 0.9587426326129665, 1952, 1916, 84, 48, 0.9587426326129665, 1952, 1916, 84, 48, 0.9587426326129665, 1952, 1916, 84, 48, 0.9587426326129665, 1952, 1916, 84, 48, 0.9587426326129665, 1952, 1916, 84, 48, 0.9587426326129665, 1952, 1916, 84, 48, 0.9587426326129665, 1952, 1916, 84, 48, 0.9587426326129665, 1952, 1916, 84, 48, 0.9587426326129665, 1952, 1916, 84, 48, 0.9587426326129665, 1952, 1916, 84, 48, 0.9587426326129665, 1952, 1916, 84, 48, 0.9587426326129665, 1952, 1916, 84, 48, 0.9587426326129665, 1952, 1916, 84, 48, 0.9587426326129665, 1952, 1916, 84, 48, 0.9587426326129665, 1952, 1916, 84, 48, 0.9587426326129665, 1952, 1916, 84, 48, 0.9587426326129665, 1952, 1916, 84, 48, 0.9587426326129665, 1952, 1916, 84, 48, 0.9587426326129665, 1952, 1916, 84, 48, 0.9587426326129665, 1952, 1916, 84, 48, 0.9587426326129665, 1952, 1916, 84, 48, 0.9587426326129665, 1952, 1916, 84, 48, 0.9587426326129665, 1952, 1916, 84, 48, 0.9587426326129665, 1952, 1916, 84, 48, 0.9587426326129665, 1952, 1916, 84, 48, 0.9587426326129665, 1952, 1916, 84, 48, 0.9587426326129665, 1952, 1916, 84, 48, 0.9587426326129665, 1952, 1916, 84, 48, 0.9587426326129665, 1952, 1916, 84, 48, 0.9587426326129665, 1952, 1916, 84, 48, 0.9587426326129665, 1952, 1916, 84, 48, 0.9587426326129665, 1952, 1916, 84, 48, 0.9587426326129665, 1952, 1916, 84, 48, 0.9587426326129665, 1952, 1916, 84, 48, 0.9587426326129665, 1952, 1916, 84, 48, 0.9587426326129665, 1952, 1916, 84, 48, 0.9587426326129665, 1952, 1916, 84, 48, 0.9587426326129665, 1952, 1916, 84, 48, 0.9587426326129665, 1952, 1916, 84, 48, 0.9587426326129665, 1952, 1916, 84, 48, 0.9587426326129665, 1952, 1916, 84, 48, 0.9587426326129665, 1952, 1916, 84, 48, 0.9587426326129665, 1952, 1916, 84, 48, 0.9587426326129665, 1952, 1916, 84, 48, 0.9587426326129665, 1952, 1916, 84, 48, 0.9587426326129665, 1952, 1916, 84, 48, 0.9587426326129665, 1952, 1916, 84, 48, 0.9587426326129665, 1952, 1916, 84, 48, 0.9587426326129665, 1952, 1916, 84, 48, 0.9587426326129665, 1952, 1916, 84, 48, 0.9587426326129665, 1952, 1916, 84, 48, 0.9587426326129665, 1952, 1916, 84, 48, 0.9587426326129665, 1952, 1916, 84, 48, 0.9587426326129665, 1952, 1916, 84, 48, 0.9587426326129665, 1952, 1916, 84, 48, 0.9587426326129665, 1952, 1916, 84, 48, 0.9587426326129665, 1952, 1916, 84, 48, 0.9587426326129665, 1952, 1916, 84, 48, 0.9587426326129665, 1952, 1916, 84, 48, 0.9587426326129665, 1952, 1916, 84, 48, 0.9587426326129665, 1952, 1916, 84, 48, 0.9587426326129665, 1952, 1916, 84, 48, 0.9587426326129665, 1952, 1916, 84, 48, 0.9587426326129665, 1952, 1916, 84, 48, 0.9587426326129665, 1952, 1916, 84, 48, 0.9587426326129665, 1952, 1916, 84, 48, 0.9587426326129665, 1952, 1916, 84, 48, 0.9587426326129665, 1952, 1916, 84, 48, 0.9587426326129665, 1952, 1916, 84, 48, 0.9587426326129665, 1952, 1916, 84, 48, 0.9587426326129665, 1952, 1916, 84, 48, 0.9587426326129665, 1952, 1916, 84, 48, 0.9587426326129665)"
15,8000,97.67916666666666,96.675,"(1952, 1915, 85, 48, 0.958271968581247, 1952, 1915, 85, 48, 0.958271968581247, 1952, 1915, 85, 48, 0.958271968581247, 1952, 1915, 85, 48, 0.958271968581247, 1952, 1915, 85, 48, 0.958271968581247, 1952, 1915, 85, 48, 0.958271968581247, 1952, 1915, 85, 48, 0.958271968581247, 1952, 1915, 85, 48, 0.958271968581247, 1952, 1915, 85, 48, 0.958271968581247, 1952, 1915, 85, 48, 0.958271968581247, 1952, 1915, 85, 48, 0.958271968581247, 1952, 1915, 85, 48, 0.958271968581247, 1952, 1915, 85, 48, 0.958271968581247, 1952, 1915, 85, 48, 0.958271968581247, 1952, 1915, 85, 48, 0.958271968581247, 1952, 1915, 85, 48, 0.958271968581247, 1952, 1915, 85, 48, 0.958271968581247, 1952, 1915, 85, 48, 0.958271968581247, 1952, 1915, 85, 48, 0.958271968581247, 1952, 1915, 85, 48, 0.958271968581247, 1952, 1915, 85, 48, 0.958271968581247, 1952, 1915, 85, 48, 0.958271968581247, 1952, 1915, 85, 48, 0.958271968581247, 1952, 1915, 85, 48, 0.958271968581247, 1952, 1915, 85, 48, 0.958271968581247, 1952, 1915, 85, 48, 0.958271968581247, 1952, 1915, 85, 48, 0.958271968581247, 1952, 1915, 85, 48, 0.958271968581247, 1952, 1915, 85, 48, 0.958271968581247, 1952, 1915, 85, 48, 0.958271968581247, 1952, 1915, 85, 48, 0.958271968581247, 1952, 1915, 85, 48, 0.958271968581247, 1952, 1915, 85, 48, 0.958271968581247, 1952, 1915, 85, 48, 0.958271968581247, 1952, 1915, 85, 48, 0.958271968581247, 1952, 1915, 85, 48, 0.958271968581247, 1952, 1915, 85, 48, 0.958271968581247, 1952, 1915, 85, 48, 0.958271968581247, 1952, 1915, 85, 48, 0.958271968581247, 1952, 1915, 85, 48, 0.958271968581247, 1952, 1915, 85, 48, 0.958271968581247, 1952, 1915, 85, 48, 0.958271968581247, 1952, 1915, 85, 48, 0.958271968581247, 1952, 1915, 85, 48, 0.958271968581247, 1952, 1915, 85, 48, 0.958271968581247, 1952, 1915, 85, 48, 0.958271968581247, 1952, 1915, 85, 48, 0.958271968581247, 1952, 1915, 85, 48, 0.958271968581247, 1952, 1915, 85, 48, 0.958271968581247, 1952, 1915, 85, 48, 0.958271968581247, 1952, 1915, 85, 48, 0.958271968581247, 1952, 1915, 85, 48, 0.958271968581247, 1952, 1915, 85, 48, 0.958271968581247, 1952, 1915, 85, 48, 0.958271968581247, 1952, 1915, 85, 48, 0.958271968581247, 1952, 1915, 85, 48, 0.958271968581247, 1952, 1915, 85, 48, 0.958271968581247, 1952, 1915, 85, 48, 0.958271968581247, 1952, 1915, 85, 48, 0.958271968581247, 1952, 1915, 85, 48, 0.958271968581247, 1952, 1915, 85, 48, 0.958271968581247, 1952, 1915, 85, 48, 0.958271968581247, 1952, 1915, 85, 48, 0.958271968581247, 1952, 1915, 85, 48, 0.958271968581247, 1952, 1915, 85, 48, 0.958271968581247, 1952, 1915, 85, 48, 0.958271968581247, 1952, 1915, 85, 48, 0.958271968581247, 1952, 1915, 85, 48, 0.958271968581247, 1952, 1915, 85, 48, 0.958271968581247, 1952, 1915, 85, 48, 0.958271968581247, 1952, 1915, 85, 48, 0.958271968581247, 1952, 1915, 85, 48, 0.958271968581247, 1952, 1915, 85, 48, 0.958271968581247, 1952, 1915, 85, 48, 0.958271968581247, 1952, 1915, 85, 48, 0.958271968581247, 1952, 1915, 85, 48, 0.958271968581247, 1952, 1915, 85, 48, 0.958271968581247, 1952, 1915, 85, 48, 0.958271968581247, 1952, 1915, 85, 48, 0.958271968581247, 1952, 1915, 85, 48, 0.958271968581247, 1952, 1915, 85, 48, 0.958271968581247, 1952, 1915, 85, 48, 0.958271968581247, 1952, 1915, 85, 48, 0.958271968581247, 1952, 1915, 85, 48, 0.958271968581247, 1952, 1915, 85, 48, 0.958271968581247, 1952, 1915, 85, 48, 0.958271968581247, 1952, 1915, 85, 48, 0.958271968581247, 1952, 1915, 85, 48, 0.958271968581247, 1952, 1915, 85, 48, 0.958271968581247, 1952, 1915, 85, 48, 0.958271968581247, 1952, 1915, 85, 48, 0.958271968581247, 1952, 1915, 85, 48, 0.958271968581247, 1952, 1915, 85, 48, 0.958271968581247, 1952, 1915, 85, 48, 0.958271968581247, 1952, 1915, 85, 48, 0.958271968581247, 1952, 1915, 85, 48, 0.958271968581247, 1952, 1915, 85, 48, 0.958271968581247, 1952, 1915, 85, 48, 0.958271968581247, 1952, 1915, 85, 48, 0.958271968581247, 1952, 1915, 85, 48, 0.958271968581247)"
16,8500,97.72916666666667,96.65,"(1952, 1914, 86, 48, 0.957801766437684, 1952, 1914, 86, 48, 0.957801766437684, 1952, 1914, 86, 48, 0.957801766437684, 1952, 1914, 86, 48, 0.957801766437684, 1952, 1914, 86, 48, 0.957801766437684, 1952, 1914, 86, 48, 0.957801766437684, 1952, 1914, 86, 48, 0.957801766437684, 1952, 1914, 86, 48, 0.957801766437684, 1952, 1914, 86, 48, 0.957801766437684, 1952, 1914, 86, 48, 0.957801766437684, 1952, 1914, 86, 48, 0.957801766437684, 1952, 1914, 86, 48, 0.957801766437684, 1952, 1914, 86, 48, 0.957801766437684, 1952, 1914, 86, 48, 0.957801766437684, 1952, 1914, 86, 48, 0.957801766437684, 1952, 1914, 86, 48, 0.957801766437684, 1952, 1914, 86, 48, 0.957801766437684, 1952, 1914, 86, 48, 0.957801766437684, 1952, 1914, 86, 48, 0.957801766437684, 1952, 1914, 86, 48, 0.957801766437684, 1952, 1914, 86, 48, 0.957801766437684, 1952, 1914, 86, 48, 0.957801766437684, 1952, 1914, 86, 48, 0.957801766437684, 1952, 1914, 86, 48, 0.957801766437684, 1952, 1914, 86, 48, 0.957801766437684, 1952, 1914, 86, 48, 0.957801766437684, 1952, 1914, 86, 48, 0.957801766437684, 1952, 1914, 86, 48, 0.957801766437684, 1952, 1914, 86, 48, 0.957801766437684, 1952, 1914, 86, 48, 0.957801766437684, 1952, 1914, 86, 48, 0.957801766437684, 1952, 1914, 86, 48, 0.957801766437684, 1952, 1914, 86, 48, 0.957801766437684, 1952, 1914, 86, 48, 0.957801766437684, 1952, 1914, 86, 48, 0.957801766437684, 1952, 1914, 86, 48, 0.957801766437684, 1952, 1914, 86, 48, 0.957801766437684, 1952, 1914, 86, 48, 0.957801766437684, 1952, 1914, 86, 48, 0.957801766437684, 1952, 1914, 86, 48, 0.957801766437684, 1952, 1914, 86, 48, 0.957801766437684, 1952, 1914, 86, 48, 0.957801766437684, 1952, 1914, 86, 48, 0.957801766437684, 1952, 1914, 86, 48, 0.957801766437684, 1952, 1914, 86, 48, 0.957801766437684, 1952, 1914, 86, 48, 0.957801766437684, 1952, 1914, 86, 48, 0.957801766437684, 1952, 1914, 86, 48, 0.957801766437684, 1952, 1914, 86, 48, 0.957801766437684, 1952, 1914, 86, 48, 0.957801766437684, 1952, 1914, 86, 48, 0.957801766437684, 1952, 1914, 86, 48, 0.957801766437684, 1952, 1914, 86, 48, 0.957801766437684, 1952, 1914, 86, 48, 0.957801766437684, 1952, 1914, 86, 48, 0.957801766437684, 1952, 1914, 86, 48, 0.957801766437684, 1952, 1914, 86, 48, 0.957801766437684, 1952, 1914, 86, 48, 0.957801766437684, 1952, 1914, 86, 48, 0.957801766437684, 1952, 1914, 86, 48, 0.957801766437684, 1952, 1914, 86, 48, 0.957801766437684, 1952, 1914, 86, 48, 0.957801766437684, 1952, 1914, 86, 48, 0.957801766437684, 1952, 1914, 86, 48, 0.957801766437684, 1952, 1914, 86, 48, 0.957801766437684, 1952, 1914, 86, 48, 0.957801766437684, 1952, 1914, 86, 48, 0.957801766437684, 1952, 1914, 86, 48, 0.957801766437684, 1952, 1914, 86, 48, 0.957801766437684, 1952, 1914, 86, 48, 0.957801766437684, 1952, 1914, 86, 48, 0.957801766437684, 1952, 1914, 86, 48, 0.957801766437684, 1952, 1914, 86, 48, 0.957801766437684, 1952, 1914, 86, 48, 0.957801766437684, 1952, 1914, 86, 48, 0.957801766437684, 1952, 1914, 86, 48, 0.957801766437684, 1952, 1914, 86, 48, 0.957801766437684, 1952, 1914, 86, 48, 0.957801766437684, 1952, 1914, 86, 48, 0.957801766437684, 1952, 1914, 86, 48, 0.957801766437684, 1952, 1914, 86, 48, 0.957801766437684, 1952, 1914, 86, 48, 0.957801766437684, 1952, 1914, 86, 48, 0.957801766437684, 1952, 1914, 86, 48, 0.957801766437684, 1952, 1914, 86, 48, 0.957801766437684, 1952, 1914, 86, 48, 0.957801766437684, 1952, 1914, 86, 48, 0.957801766437684, 1952, 1914, 86, 48, 0.957801766437684, 1952, 1914, 86, 48, 0.957801766437684, 1952, 1914, 86, 48, 0.957801766437684, 1952, 1914, 86, 48, 0.957801766437684, 1952, 1914, 86, 48, 0.957801766437684, 1952, 1914, 86, 48, 0.957801766437684, 1952, 1914, 86, 48, 0.957801766437684, 1952, 1914, 86, 48, 0.957801766437684, 1952, 1914, 86, 48, 0.957801766437684, 1952, 1914, 86, 48, 0.957801766437684, 1952, 1914, 86, 48, 0.957801766437684, 1952, 1914, 86, 48, 0.957801766437684, 1952, 1914, 86, 48, 0.957801766437684)"
17,9000,97.72916666666667,96.675,"(1953, 1914, 86, 47, 0.9578224619911722, 1953, 1914, 86, 47, 0.9578224619911722, 1953, 1914, 86, 47, 0.9578224619911722, 1953, 1914, 86, 47, 0.9578224619911722, 1953, 1914, 86, 47, 0.9578224619911722, 1953, 1914, 86, 47, 0.9578224619911722, 1953, 1914, 86, 47, 0.9578224619911722, 1953, 1914, 86, 47, 0.9578224619911722, 1953, 1914, 86, 47, 0.9578224619911722, 1953, 1914, 86, 47, 0.9578224619911722, 1953, 1914, 86, 47, 0.9578224619911722, 1953, 1914, 86, 47, 0.9578224619911722, 1953, 1914, 86, 47, 0.9578224619911722, 1953, 1914, 86, 47, 0.9578224619911722, 1953, 1914, 86, 47, 0.9578224619911722, 1953, 1914, 86, 47, 0.9578224619911722, 1953, 1914, 86, 47, 0.9578224619911722, 1953, 1914, 86, 47, 0.9578224619911722, 1953, 1914, 86, 47, 0.9578224619911722, 1953, 1914, 86, 47, 0.9578224619911722, 1953, 1914, 86, 47, 0.9578224619911722, 1953, 1914, 86, 47, 0.9578224619911722, 1953, 1914, 86, 47, 0.9578224619911722, 1953, 1914, 86, 47, 0.9578224619911722, 1953, 1914, 86, 47, 0.9578224619911722, 1953, 1914, 86, 47, 0.9578224619911722, 1953, 1914, 86, 47, 0.9578224619911722, 1953, 1914, 86, 47, 0.9578224619911722, 1953, 1914, 86, 47, 0.9578224619911722, 1953, 1914, 86, 47, 0.9578224619911722, 1953, 1914, 86, 47, 0.9578224619911722, 1953, 1914, 86, 47, 0.9578224619911722, 1953, 1914, 86, 47, 0.9578224619911722, 1953, 1914, 86, 47, 0.9578224619911722, 1953, 1914, 86, 47, 0.9578224619911722, 1953, 1914, 86, 47, 0.9578224619911722, 1953, 1914, 86, 47, 0.9578224619911722, 1953, 1914, 86, 47, 0.9578224619911722, 1953, 1914, 86, 47, 0.9578224619911722, 1953, 1914, 86, 47, 0.9578224619911722, 1953, 1914, 86, 47, 0.9578224619911722, 1953, 1914, 86, 47, 0.9578224619911722, 1953, 1914, 86, 47, 0.9578224619911722, 1953, 1914, 86, 47, 0.9578224619911722, 1953, 1914, 86, 47, 0.9578224619911722, 1953, 1914, 86, 47, 0.9578224619911722, 1953, 1914, 86, 47, 0.9578224619911722, 1953, 1914, 86, 47, 0.9578224619911722, 1953, 1914, 86, 47, 0.9578224619911722, 1953, 1914, 86, 47, 0.9578224619911722, 1953, 1914, 86, 47, 0.9578224619911722, 1953, 1914, 86, 47, 0.9578224619911722, 1953, 1914, 86, 47, 0.9578224619911722, 1953, 1914, 86, 47, 0.9578224619911722, 1953, 1914, 86, 47, 0.9578224619911722, 1953, 1914, 86, 47, 0.9578224619911722, 1953, 1914, 86, 47, 0.9578224619911722, 1953, 1914, 86, 47, 0.9578224619911722, 1953, 1914, 86, 47, 0.9578224619911722, 1953, 1914, 86, 47, 0.9578224619911722, 1953, 1914, 86, 47, 0.9578224619911722, 1953, 1914, 86, 47, 0.9578224619911722, 1953, 1914, 86, 47, 0.9578224619911722, 1953, 1914, 86, 47, 0.9578224619911722, 1953, 1914, 86, 47, 0.9578224619911722, 1953, 1914, 86, 47, 0.9578224619911722, 1953, 1914, 86, 47, 0.9578224619911722, 1953, 1914, 86, 47, 0.9578224619911722, 1953, 1914, 86, 47, 0.9578224619911722, 1953, 1914, 86, 47, 0.9578224619911722, 1953, 1914, 86, 47, 0.9578224619911722, 1953, 1914, 86, 47, 0.9578224619911722, 1953, 1914, 86, 47, 0.9578224619911722, 1953, 1914, 86, 47, 0.9578224619911722, 1953, 1914, 86, 47, 0.9578224619911722, 1953, 1914, 86, 47, 0.9578224619911722, 1953, 1914, 86, 47, 0.9578224619911722, 1953, 1914, 86, 47, 0.9578224619911722, 1953, 1914, 86, 47, 0.9578224619911722, 1953, 1914, 86, 47, 0.9578224619911722, 1953, 1914, 86, 47, 0.9578224619911722, 1953, 1914, 86, 47, 0.9578224619911722, 1953, 1914, 86, 47, 0.9578224619911722, 1953, 1914, 86, 47, 0.9578224619911722, 1953, 1914, 86, 47, 0.9578224619911722, 1953, 1914, 86, 47, 0.9578224619911722, 1953, 1914, 86, 47, 0.9578224619911722, 1953, 1914, 86, 47, 0.9578224619911722, 1953, 1914, 86, 47, 0.9578224619911722, 1953, 1914, 86, 47, 0.9578224619911722, 1953, 1914, 86, 47, 0.9578224619911722, 1953, 1914, 86, 47, 0.9578224619911722, 1953, 1914, 86, 47, 0.9578224619911722, 1953, 1914, 86, 47, 0.9578224619911722, 1953, 1914, 86, 47, 0.9578224619911722, 1953, 1914, 86, 47, 0.9578224619911722, 1953, 1914, 86, 47, 0.9578224619911722, 1953, 1914, 86, 47, 0.9578224619911722, 1953, 1914, 86, 47, 0.9578224619911722, 1953, 1914, 86, 47, 0.9578224619911722)"
18,9500,97.78750000000001,96.7,"(1953, 1915, 85, 47, 0.9582924435721295, 1953, 1915, 85, 47, 0.9582924435721295, 1953, 1915, 85, 47, 0.9582924435721295, 1953, 1915, 85, 47, 0.9582924435721295, 1953, 1915, 85, 47, 0.9582924435721295, 1953, 1915, 85, 47, 0.9582924435721295, 1953, 1915, 85, 47, 0.9582924435721295, 1953, 1915, 85, 47, 0.9582924435721295, 1953, 1915, 85, 47, 0.9582924435721295, 1953, 1915, 85, 47, 0.9582924435721295, 1953, 1915, 85, 47, 0.9582924435721295, 1953, 1915, 85, 47, 0.9582924435721295, 1953, 1915, 85, 47, 0.9582924435721295, 1953, 1915, 85, 47, 0.9582924435721295, 1953, 1915, 85, 47, 0.9582924435721295, 1953, 1915, 85, 47, 0.9582924435721295, 1953, 1915, 85, 47, 0.9582924435721295, 1953, 1915, 85, 47, 0.9582924435721295, 1953, 1915, 85, 47, 0.9582924435721295, 1953, 1915, 85, 47, 0.9582924435721295, 1953, 1915, 85, 47, 0.9582924435721295, 1953, 1915, 85, 47, 0.9582924435721295, 1953, 1915, 85, 47, 0.9582924435721295, 1953, 1915, 85, 47, 0.9582924435721295, 1953, 1915, 85, 47, 0.9582924435721295, 1953, 1915, 85, 47, 0.9582924435721295, 1953, 1915, 85, 47, 0.9582924435721295, 1953, 1915, 85, 47, 0.9582924435721295, 1953, 1915, 85, 47, 0.9582924435721295, 1953, 1915, 85, 47, 0.9582924435721295, 1953, 1915, 85, 47, 0.9582924435721295, 1953, 1915, 85, 47, 0.9582924435721295, 1953, 1915, 85, 47, 0.9582924435721295, 1953, 1915, 85, 47, 0.9582924435721295, 1953, 1915, 85, 47, 0.9582924435721295, 1953, 1915, 85, 47, 0.9582924435721295, 1953, 1915, 85, 47, 0.9582924435721295, 1953, 1915, 85, 47, 0.9582924435721295, 1953, 1915, 85, 47, 0.9582924435721295, 1953, 1915, 85, 47, 0.9582924435721295, 1953, 1915, 85, 47, 0.9582924435721295, 1953, 1915, 85, 47, 0.9582924435721295, 1953, 1915, 85, 47, 0.9582924435721295, 1953, 1915, 85, 47, 0.9582924435721295, 1953, 1915, 85, 47, 0.9582924435721295, 1953, 1915, 85, 47, 0.9582924435721295, 1953, 1915, 85, 47, 0.9582924435721295, 1953, 1915, 85, 47, 0.9582924435721295, 1953, 1915, 85, 47, 0.9582924435721295, 1953, 1915, 85, 47, 0.9582924435721295, 1953, 1915, 85, 47, 0.9582924435721295, 1953, 1915, 85, 47, 0.9582924435721295, 1953, 1915, 85, 47, 0.9582924435721295, 1953, 1915, 85, 47, 0.9582924435721295, 1953, 1915, 85, 47, 0.9582924435721295, 1953, 1915, 85, 47, 0.9582924435721295, 1953, 1915, 85, 47, 0.9582924435721295, 1953, 1915, 85, 47, 0.9582924435721295, 1953, 1915, 85, 47, 0.9582924435721295, 1953, 1915, 85, 47, 0.9582924435721295, 1953, 1915, 85, 47, 0.9582924435721295, 1953, 1915, 85, 47, 0.9582924435721295, 1953, 1915, 85, 47, 0.9582924435721295, 1953, 1915, 85, 47, 0.9582924435721295, 1953, 1915, 85, 47, 0.9582924435721295, 1953, 1915, 85, 47, 0.9582924435721295, 1953, 1915, 85, 47, 0.9582924435721295, 1953, 1915, 85, 47, 0.9582924435721295, 1953, 1915, 85, 47, 0.9582924435721295, 1953, 1915, 85, 47, 0.9582924435721295, 1953, 1915, 85, 47, 0.9582924435721295, 1953, 1915, 85, 47, 0.9582924435721295, 1953, 1915, 85, 47, 0.9582924435721295, 1953, 1915, 85, 47, 0.9582924435721295, 1953, 1915, 85, 47, 0.9582924435721295, 1953, 1915, 85, 47, 0.9582924435721295, 1953, 1915, 85, 47, 0.9582924435721295, 1953, 1915, 85, 47, 0.9582924435721295, 1953, 1915, 85, 47, 0.9582924435721295, 1953, 1915, 85, 47, 0.9582924435721295, 1953, 1915, 85, 47, 0.9582924435721295, 1953, 1915, 85, 47, 0.9582924435721295, 1953, 1915, 85, 47, 0.9582924435721295, 1953, 1915, 85, 47, 0.9582924435721295, 1953, 1915, 85, 47, 0.9582924435721295, 1953, 1915, 85, 47, 0.9582924435721295, 1953, 1915, 85, 47, 0.9582924435721295, 1953, 1915, 85, 47, 0.9582924435721295, 1953, 1915, 85, 47, 0.9582924435721295, 1953, 1915, 85, 47, 0.9582924435721295, 1953, 1915, 85, 47, 0.9582924435721295, 1953, 1915, 85, 47, 0.9582924435721295, 1953, 1915, 85, 47, 0.9582924435721295, 1953, 1915, 85, 47, 0.9582924435721295, 1953, 1915, 85, 47, 0.9582924435721295, 1953, 1915, 85, 47, 0.9582924435721295, 1953, 1915, 85, 47, 0.9582924435721295, 1953, 1915, 85, 47, 0.9582924435721295, 1953, 1915, 85, 47, 0.9582924435721295, 1953, 1915, 85, 47, 0.9582924435721295)"
19,10000,97.8375,96.72500000000001,"(1954, 1915, 85, 46, 0.9583128984796468, 1954, 1915, 85, 46, 0.9583128984796468, 1954, 1915, 85, 46, 0.9583128984796468, 1954, 1915, 85, 46, 0.9583128984796468, 1954, 1915, 85, 46, 0.9583128984796468, 1954, 1915, 85, 46, 0.9583128984796468, 1954, 1915, 85, 46, 0.9583128984796468, 1954, 1915, 85, 46, 0.9583128984796468, 1954, 1915, 85, 46, 0.9583128984796468, 1954, 1915, 85, 46, 0.9583128984796468, 1954, 1915, 85, 46, 0.9583128984796468, 1954, 1915, 85, 46, 0.9583128984796468, 1954, 1915, 85, 46, 0.9583128984796468, 1954, 1915, 85, 46, 0.9583128984796468, 1954, 1915, 85, 46, 0.9583128984796468, 1954, 1915, 85, 46, 0.9583128984796468, 1954, 1915, 85, 46, 0.9583128984796468, 1954, 1915, 85, 46, 0.9583128984796468, 1954, 1915, 85, 46, 0.9583128984796468, 1954, 1915, 85, 46, 0.9583128984796468, 1954, 1915, 85, 46, 0.9583128984796468, 1954, 1915, 85, 46, 0.9583128984796468, 1954, 1915, 85, 46, 0.9583128984796468, 1954, 1915, 85, 46, 0.9583128984796468, 1954, 1915, 85, 46, 0.9583128984796468, 1954, 1915, 85, 46, 0.9583128984796468, 1954, 1915, 85, 46, 0.9583128984796468, 1954, 1915, 85, 46, 0.9583128984796468, 1954, 1915, 85, 46, 0.9583128984796468, 1954, 1915, 85, 46, 0.9583128984796468, 1954, 1915, 85, 46, 0.9583128984796468, 1954, 1915, 85, 46, 0.9583128984796468, 1954, 1915, 85, 46, 0.9583128984796468, 1954, 1915, 85, 46, 0.9583128984796468, 1954, 1915, 85, 46, 0.9583128984796468, 1954, 1915, 85, 46, 0.9583128984796468, 1954, 1915, 85, 46, 0.9583128984796468, 1954, 1915, 85, 46, 0.9583128984796468, 1954, 1915, 85, 46, 0.9583128984796468, 1954, 1915, 85, 46, 0.9583128984796468, 1954, 1915, 85, 46, 0.9583128984796468, 1954, 1915, 85, 46, 0.9583128984796468, 1954, 1915, 85, 46, 0.9583128984796468, 1954, 1915, 85, 46, 0.9583128984796468, 1954, 1915, 85, 46, 0.9583128984796468, 1954, 1915, 85, 46, 0.9583128984796468, 1954, 1915, 85, 46, 0.9583128984796468, 1954, 1915, 85, 46, 0.9583128984796468, 1954, 1915, 85, 46, 0.9583128984796468, 1954, 1915, 85, 46, 0.9583128984796468, 1954, 1915, 85, 46, 0.9583128984796468, 1954, 1915, 85, 46, 0.9583128984796468, 1954, 1915, 85, 46, 0.9583128984796468, 1954, 1915, 85, 46, 0.9583128984796468, 1954, 1915, 85, 46, 0.9583128984796468, 1954, 1915, 85, 46, 0.9583128984796468, 1954, 1915, 85, 46, 0.9583128984796468, 1954, 1915, 85, 46, 0.9583128984796468, 1954, 1915, 85, 46, 0.9583128984796468, 1954, 1915, 85, 46, 0.9583128984796468, 1954, 1915, 85, 46, 0.9583128984796468, 1954, 1915, 85, 46, 0.9583128984796468, 1954, 1915, 85, 46, 0.9583128984796468, 1954, 1915, 85, 46, 0.9583128984796468, 1954, 1915, 85, 46, 0.9583128984796468, 1954, 1915, 85, 46, 0.9583128984796468, 1954, 1915, 85, 46, 0.9583128984796468, 1954, 1915, 85, 46, 0.9583128984796468, 1954, 1915, 85, 46, 0.9583128984796468, 1954, 1915, 85, 46, 0.9583128984796468, 1954, 1915, 85, 46, 0.9583128984796468, 1954, 1915, 85, 46, 0.9583128984796468, 1954, 1915, 85, 46, 0.9583128984796468, 1954, 1915, 85, 46, 0.9583128984796468, 1954, 1915, 85, 46, 0.9583128984796468, 1954, 1915, 85, 46, 0.9583128984796468, 1954, 1915, 85, 46, 0.9583128984796468, 1954, 1915, 85, 46, 0.9583128984796468, 1954, 1915, 85, 46, 0.9583128984796468, 1954, 1915, 85, 46, 0.9583128984796468, 1954, 1915, 85, 46, 0.9583128984796468, 1954, 1915, 85, 46, 0.9583128984796468, 1954, 1915, 85, 46, 0.9583128984796468, 1954, 1915, 85, 46, 0.9583128984796468, 1954, 1915, 85, 46, 0.9583128984796468, 1954, 1915, 85, 46, 0.9583128984796468, 1954, 1915, 85, 46, 0.9583128984796468, 1954, 1915, 85, 46, 0.9583128984796468, 1954, 1915, 85, 46, 0.9583128984796468, 1954, 1915, 85, 46, 0.9583128984796468, 1954, 1915, 85, 46, 0.9583128984796468, 1954, 1915, 85, 46, 0.9583128984796468, 1954, 1915, 85, 46, 0.9583128984796468, 1954, 1915, 85, 46, 0.9583128984796468, 1954, 1915, 85, 46, 0.9583128984796468, 1954, 1915, 85, 46, 0.9583128984796468, 1954, 1915, 85, 46, 0.9583128984796468, 1954, 1915, 85, 46, 0.9583128984796468, 1954, 1915, 85, 46, 0.9583128984796468, 1954, 1915, 85, 46, 0.9583128984796468)"
20,10500,97.86666666666667,96.775,"(1958, 1913, 87, 42, 0.9574572127139365, 1958, 1913, 87, 42, 0.9574572127139365, 1958, 1913, 87, 42, 0.9574572127139365, 1958, 1913, 87, 42, 0.9574572127139365, 1958, 1913, 87, 42, 0.9574572127139365, 1958, 1913, 87, 42, 0.9574572127139365, 1958, 1913, 87, 42, 0.9574572127139365, 1958, 1913, 87, 42, 0.9574572127139365, 1958, 1913, 87, 42, 0.9574572127139365, 1958, 1913, 87, 42, 0.9574572127139365, 1958, 1913, 87, 42, 0.9574572127139365, 1958, 1913, 87, 42, 0.9574572127139365, 1958, 1913, 87, 42, 0.9574572127139365, 1958, 1913, 87, 42, 0.9574572127139365, 1958, 1913, 87, 42, 0.9574572127139365, 1958, 1913, 87, 42, 0.9574572127139365, 1958, 1913, 87, 42, 0.9574572127139365, 1958, 1913, 87, 42, 0.9574572127139365, 1958, 1913, 87, 42, 0.9574572127139365, 1958, 1913, 87, 42, 0.9574572127139365, 1958, 1913, 87, 42, 0.9574572127139365, 1958, 1913, 87, 42, 0.9574572127139365, 1958, 1913, 87, 42, 0.9574572127139365, 1958, 1913, 87, 42, 0.9574572127139365, 1958, 1913, 87, 42, 0.9574572127139365, 1958, 1913, 87, 42, 0.9574572127139365, 1958, 1913, 87, 42, 0.9574572127139365, 1958, 1913, 87, 42, 0.9574572127139365, 1958, 1913, 87, 42, 0.9574572127139365, 1958, 1913, 87, 42, 0.9574572127139365, 1958, 1913, 87, 42, 0.9574572127139365, 1958, 1913, 87, 42, 0.9574572127139365, 1958, 1913, 87, 42, 0.9574572127139365, 1958, 1913, 87, 42, 0.9574572127139365, 1958, 1913, 87, 42, 0.9574572127139365, 1958, 1913, 87, 42, 0.9574572127139365, 1958, 1913, 87, 42, 0.9574572127139365, 1958, 1913, 87, 42, 0.9574572127139365, 1958, 1913, 87, 42, 0.9574572127139365, 1958, 1913, 87, 42, 0.9574572127139365, 1958, 1913, 87, 42, 0.9574572127139365, 1958, 1913, 87, 42, 0.9574572127139365, 1958, 1913, 87, 42, 0.9574572127139365, 1958, 1913, 87, 42, 0.9574572127139365, 1958, 1913, 87, 42, 0.9574572127139365, 1958, 1913, 87, 42, 0.9574572127139365, 1958, 1913, 87, 42, 0.9574572127139365, 1958, 1913, 87, 42, 0.9574572127139365, 1958, 1913, 87, 42, 0.9574572127139365, 1958, 1913, 87, 42, 0.9574572127139365, 1958, 1913, 87, 42, 0.9574572127139365, 1958, 1913, 87, 42, 0.9574572127139365, 1958, 1913, 87, 42, 0.9574572127139365, 1958, 1913, 87, 42, 0.9574572127139365, 1958, 1913, 87, 42, 0.9574572127139365, 1958, 1913, 87, 42, 0.9574572127139365, 1958, 1913, 87, 42, 0.9574572127139365, 1958, 1913, 87, 42, 0.9574572127139365, 1958, 1913, 87, 42, 0.9574572127139365, 1958, 1913, 87, 42, 0.9574572127139365, 1958, 1913, 87, 42, 0.9574572127139365, 1958, 1913, 87, 42, 0.9574572127139365, 1958, 1913, 87, 42, 0.9574572127139365, 1958, 1913, 87, 42, 0.9574572127139365, 1958, 1913, 87, 42, 0.9574572127139365, 1958, 1913, 87, 42, 0.9574572127139365, 1958, 1913, 87, 42, 0.9574572127139365, 1958, 1913, 87, 42, 0.9574572127139365, 1958, 1913, 87, 42, 0.9574572127139365, 1958, 1913, 87, 42, 0.9574572127139365, 1958, 1913, 87, 42, 0.9574572127139365, 1958, 1913, 87, 42, 0.9574572127139365, 1958, 1913, 87, 42, 0.9574572127139365, 1958, 1913, 87, 42, 0.9574572127139365, 1958, 1913, 87, 42, 0.9574572127139365, 1958, 1913, 87, 42, 0.9574572127139365, 1958, 1913, 87, 42, 0.9574572127139365, 1958, 1913, 87, 42, 0.9574572127139365, 1958, 1913, 87, 42, 0.9574572127139365, 1958, 1913, 87, 42, 0.9574572127139365, 1958, 1913, 87, 42, 0.9574572127139365, 1958, 1913, 87, 42, 0.9574572127139365, 1958, 1913, 87, 42, 0.9574572127139365, 1958, 1913, 87, 42, 0.9574572127139365, 1958, 1913, 87, 42, 0.9574572127139365, 1958, 1913, 87, 42, 0.9574572127139365, 1958, 1913, 87, 42, 0.9574572127139365, 1958, 1913, 87, 42, 0.9574572127139365, 1958, 1913, 87, 42, 0.9574572127139365, 1958, 1913, 87, 42, 0.9574572127139365, 1958, 1913, 87, 42, 0.9574572127139365, 1958, 1913, 87, 42, 0.9574572127139365, 1958, 1913, 87, 42, 0.9574572127139365, 1958, 1913, 87, 42, 0.9574572127139365, 1958, 1913, 87, 42, 0.9574572127139365, 1958, 1913, 87, 42, 0.9574572127139365, 1958, 1913, 87, 42, 0.9574572127139365, 1958, 1913, 87, 42, 0.9574572127139365, 1958, 1913, 87, 42, 0.9574572127139365, 1958, 1913, 87, 42, 0.9574572127139365)"
